CIP;NOM;P VENTE;P ACHAT;QTE RECUE;TVA;TABLEAU
2001630;PROCOMIL FL SPRAY 15G;7245;4798;0;0;
2007934;AUREOMYCINE VALDA 1% PDE OPHTT/5G;415;274;0;0;A
2007940;AUREOMYCINE VALDA 3% PDE DERMT/15G;620;410;0;0;A
2008052;SALVATIS POUDRE BT 70G;2335;1563;0;4;
2009181;OSPAMOX 250MG/5ML GR F/60ML;1680;1112;0;0;A
2009838;SARIDON CPR B/10;1320;876;0;0;
2018501;UCLAPRIM*FORT*800/160 MG CP B10;1385;914;0;0;A
2018613;RANFERON-12 SP F/200ML;3525;2335;0;0;
2019127;BRUSTAN CPR B/10;1255;830;0;0;A
2019162;BRUFEN SIROP PEDI F/100ML;3360;2226;0;0;C
2022158;DIFLUCAN 150MG GEL  B/1;9120;6038;0;0;A
2022589;CATAFLAM 50MG CPR BT 20;3910;2590;0;0;C
2023583;SODIUM CHL 0,9% PHARM F/500ML;950;628;0;0;
2023867;AIRTAL 100MG CPR BT 10;3595;2381;0;0;C
2023904;SMECTA ORANGE/VANILLE PDRE SACH B/10;1515;1003;0;0;
2025263;ZITHROMAX 200MG PDRE SUSP BUVF/22,5ML;7920;5245;0;0;A
2025895;DYNAMOGEN AMPOULE BTE 20;4395;2910;0;0;
2026127;DERMOFIX CREME TUBE 20GR;3155;2089;0;0;A
2026179;VERZOL 400MG CPR B/1;965;638;0;0;C
2026831;LYSAN LOTION FL 125ML;3030;2000;0;0;
2027084;FORLAX 10G BUV SACH B/10;2355;1560;0;0;
2027150;PRINCI B FORT CPR B/30;5470;3621;0;0;
2027351;CITROSYL SOLUTION F/125ML;1285;848;0;0;
2027428;COTRIM FORT 960MG CREAT CPR B/10;1155;766;0;0;A
2027440;DERMOSALIC LOTION FL 30ML;2095;1386;0;0;A
2027457;DERMOSALIC POM TB 30 G;2095;1386;0;0;A
2027463;DERMOSONE CREME TB 15G;1255;830;0;0;A
2027581;ECOREX  1% CREME DERMIQ TB 30G;2795;1852;0;0;
2027606;ECOREX LAIT DERMIQUE FL 30ML;2795;1852;0;0;
2027612;ECOREX 150MG OVULES BTE 3;3485;2308;0;0;
2027724;GRISEO POMMADE 5% TB 15GR;1045;693;0;0;A
2027747;GRISEO 250MG MICRONISE CP BT30;2560;1697;0;0;A
2029410;PRUREX CR DERMIQ TB 40G;1515;1003;0;0;
2029427;RANFERON-12 GEL B/30;2990;1979;0;0;
2029628;FRUCTINES 5MG CPR B/30;2730;1808;0;0;
2029640;VERZOL SUSP BUV F/10ML;965;638;0;0;C
2029746;TRIMETABOL SUSP BUV F/150ML;3400;2253;0;0;
2030695;GAMALATE B6 SOL BUV FL 80ML;4035;2673;0;0;
2031795;ACFOL 5MG CPR B/25;2010;1332;0;0;
2032004;ANTINOREX CPR 4MG B/30;2065;1368;0;0;
2033274;GLYSS ADULTE SUPPO BTE 10;1155;766;0;0;
2033280;GLYSS BEBE SUPPO BTE 10;950;629;0;0;
2033831;PARACETAMOL CREAT 500MG CPR B/1000;19285;12770;0;0;
2035965;GRISEOPHARM 250MG CPR B/30;2040;1350;0;0;A
2035971;GRISEOPHARM 500MG CPR B/20;2205;1459;0;0;A
2036338;OZIBEN 100MG SUSP BUV F/30ML;1830;1213;0;0;C
2036605;TRIFED PLUS CPR SEC B/20;1210;801;0;0;
2037289;DIACOL 27MG/15ML SP F/200ML;2645;1751;0;0;
2037697;WORMIN 100MG CPR B/6;1155;766;0;0;
2037711;WORMIN 100MG SUSP F/30ML;1210;803;0;0;
2037869;TRABAR 50MG CAPS B/10;3030;2007;0;0;A
2037875;HELICOCIN 750MG/500MG CPR B/42;6930;4588;0;0;C
2038656;CARBEN 100MG CPR B/6;990;657;0;0;
2038662;CARBEN 500MG CPR B/1;935;620;0;0;
2038969;LUFANTER 40MG/240MG CPR B/12;2685;1779;0;0;A
2237295;FOLIFER 90MG/1MG CPR B/60;5180;3430;0;0;C
2252160;BIOFER 12 SP F/200ML;2495;1651;0;0;
2252243;JUVAMINE VIT C 1000 CPR EFFV30;3500;2317;0;0;
2252266;JUVAMINE VIT C 500 CPR CROQ/30;3425;2295;0;4;
2252272;JUVAMINE GINSENG TONUS AMP BUV B/10;5845;3919;0;4;
2252326;VISIODIS COLL F/10ML;1100;730;0;0;
2252349;ARTEM 40MG/0,5ML AMP INJ B/6;3790;2508;0;0;A
2252740;FLEMING 1G/125MG CPR PELL B/16;6270;4150;0;0;C
2253521;CROMAX 2 COLL F/10ML;2175;1441;0;0;
2258010;LEUKOPLAST S 5MX5CM PERF;2835;2300;0;0;
2261207;ABAISSE LANGUE  BOIS AD B/100;1375;1142;0;0;
2262483;OZIBEN 500MG CPR B/1;1335;885;0;0;C
2262589;PINKOO EAU DIGESTIVE ET TONIQF/120ML;2210;1481;0;4;
2262916;TINAZOL COMP B/4;1255;830;0;0;A
2263086;MIGRETIL 1MG/100MG/0,1MG/400MG CPR B/20;2605;1724;0;0;A
2263755;POSITON CR T/30G;3030;2007;0;0;A
2263761;POSITON ONGUENT T/30G;3030;2007;0;0;A
2264039;TRIFENE 200MG CPR B/20;1420;939;0;0;C
2264080;ALLERCET 10MG CPR B/10;1680;1113;0;0;C
2264111;AMTIBA 500MG CPR B/4;715;474;0;0;A
2264134;ANGINOVAG AERO/10ML;2795;1852;0;0;A
2264140;APDYL-H SIROP 100ML;2575;1768;0;4;
2264298;BRUSTAN SUSP PDRE F/100ML;1390;921;0;0;A
2264341;CLOTRI DENK 1% CR T/20G;1930;1277;0;0;A
2264430;DICLO DENK 100MG SUPPO B/10;2440;1614;0;0;C
2264447;DICLO DENK 100MG RETARD CPR B/100;9545;6320;0;0;C
2264453;DICLO DENK 50MG CPR B/100;5290;3503;0;0;C
2264708;MAXIMAG AMP BUV B/30;4200;2782;0;0;
2265062;SEKISAN SOL BUV F/120ML;2920;1934;0;0;C
2265470;BANDE CREP LABELL CELLO 4MX10;765;619;0;0;
2266044;CROMSOL 2% COLL F/5ML;1115;739;0;0;
2266475;FLOXSOL 0,3% COLL F/5ML;1115;739;0;0;A
2268178;TILL SOLUTION FL/200 ML;2310;1532;0;0;
2268741;LORINOL 10MG CPR B/10;1680;1112;0;0;C
2268853;ZITHROMAX 500MG CPR B/3;10840;7178;0;0;A
2269309;MAGNORAL AMP BUV 10ML B/20;3470;2299;0;0;
2269574;CHERICOF SP F/100ML;1435;949;0;0;
2270028;CAPTOPRIL DENK 25MG CPR B/20;2275;1505;0;0;C
2270034;CIPRO DENK 500MG CPR B/10;4135;2736;0;0;A
2270181;CONFIANCE CPR PLAQ 3X28;440;290;0;0;A
2270287;DARTRAN LOTION;2175;1437;0;0;
2272398;A BAS L APPETIT GEL B/50;6885;4119;0;4;
2273245;DIE KOUADIO GEL B/50;5900;3404;0;4;
2273268;HEPATIC GEL B/50;4880;3445;0;4;
2275066;TIMOSOL 0,5% COLL F/5ML;1115;739;0;0;A
2275126;CANDID V6 CPR GYNECO B/6;2880;1906;0;0;A
2275310;RINGER PHARMIVOIR 500ML;950;628;0;0;
2275333;TRIAM DENK 40 INJ AMP/10;13775;9121;0;0;A
2276060;LIC PARAC 500MG CPR B/16;385;253;0;0;
2276930;PRONERV GEL B/20;3580;2372;0;0;
2277088;ZOCIN 500MG CPR B/3;5510;3648;0;0;A
2277208;NEUROBION CPR DRG B/20;3030;2007;0;0;
2277378;GASPRAL 20MG GEL B/30;5495;3639;0;0;C
2277415;OFLOCINE 200MG CPR B/10;2905;1925;0;0;A
2278403;ALVIR 5% CR T/5G;4355;2882;0;0;A
2278573;CAROFIT CPR B/30;6720;4503;0;4;
2283829;ZEBEN 400MG CPR B/1;760;502;0;0;C
2285219;CLARIAN LOTION PURIFIANT F/100ML;2780;1963;0;4;
2285685;NIDO 1+ LAIT CROISS B/400G;3250;2715;0;1;
2285805;SPASMOBUTINE GR SUSP BUV 250ML;2730;1804;0;0;C
2286006;GENES MULTI AD CPR EFFV BL B10;2845;1906;0;4;
2286012;GENES JUNIOR CPR EFFV BL B/10;2845;1905;0;4;
2286035;GENES PLUS CPR EFFV BL B/12;3960;2654;0;4;
2286911;NURAVIT SP F/125ML;2895;1915;0;0;
2287595;EFFADOL 3% SOL BUV F/100ML;1300;858;0;0;
2287661;SEPTILAIT SOL USAGE EXT F/125ML;1285;850;0;0;
2288809;CETAZONE 1G INJ;2505;1660;0;0;A
2288962;CIPROZOLE FORTE500/600MG CPR10;5510;3648;0;0;A
2288979;CIPTIN FORTE 500/600MG CPR B10;2520;1669;0;0;A
2289559;NURABOL 2MG SP F/125ML;1930;1277;0;0;
2289571;NURABOL 4MG SP F/125ML;2755;1824;0;0;
2289625;PERFUSEUR LABELL AIG 19G/1;495;316;0;0;
2289915;CLARIAN CLARTE LAIT F/250ML;3960;2796;0;4;
2290284;DOXYNOR 100MG CPR B/20;4135;2736;0;0;A
2291042;ALLERCET 5MG/5ML SP F/100ML;3045;2016;0;0;C
2291059;ALLERGYL SP F/60ML;635;420;0;0;A
2291088;AMADAY 10MG B/30;7785;5153;0;0;A
2291094;AMADAY 5MG CPR B/30;4960;3284;0;0;A
2291119;AMCARD 10MG CPR B/28;8295;5491;0;0;A
2291220;ASOMEX 2,5MG CPR B/50;6890;4561;0;0;A
2291349;BIBACTIN 240MG SP F/100ML;1515;1003;0;0;A
2291792;FEROX SP F/200ML;3745;2481;0;0;
2291823;FLUCAZOL 100MG GEL B/10;2575;1706;0;0;A
2291852;FLUOXINE 500MG CPR B/10;2340;1551;0;0;A
2291906;GYNOMAX OVULES B/6;3360;2226;0;0;A
2291912;IBUMOL 400MG/325MG CPR B/10;1045;693;0;0;C
2292314;OROFER GEL B/40;1570;1040;0;0;
2292461;SALBUTUS SOL BUV F/100ML;1380;912;0;0;A
2292633;TRAMADIS 50MG GEL B/10;2755;1824;0;0;A
2292780;VIFEX 1MG SP F/100ML;1570;1040;0;0;A
2293006;COFANTRINE 20/120MG CPR B/24;1790;1186;0;0;A
2293839;DISLEP 25MG CPR B/20;6335;4195;0;0;C
2293963;CETRAXAL OTICO GTTE AUR F/10ML;4820;3192;0;0;A
2294282;ZERODOL 100MG CPR 1BL10;2065;1368;0;0;C
2294603;CALTOUX 100MG SP ENF F/100ML;1255;830;0;0;
2294626;CALTOUX 133MG SP AD F/100ML;1475;976;0;0;
2294655;CARBOTOUX 2% SP F/100ML;1310;867;0;0;
2294833;DIARYL 200MG GEL B/20;2190;1450;0;0;A
2294968;FEBRILEX+ SP F/150ML;1665;1104;0;0;
2295123;HYDROSOL POLYVIT EUROLAB GTTEF/30ML;1155;766;0;0;
2295413;PANADOL ACTIFAST 500MG CPR B/20;1555;1031;0;0;
2295442;PANOL 250MG SP F/60ML;730;483;0;0;
2295554;PYRANTOX 125MG CPR B/6;1045;693;0;0;
2295560;PYRANTOX 250MG/5ML SUSP F/15ML;1255;830;0;0;
2296134;APETIL PLUS SP F/100ML;2995;1977;0;0;
2296795;METRONYL 500MG CPR B/20;1470;972;0;0;A
2297085;SP-LIC 525MG CPR SEC B/3;500;330;0;0;A
2297346;ESCODYNE CPR EFFV B/10;2095;1386;0;0;
2297524;PANALGIC CPR EFFV B/16;1295;857;0;0;
2297961;IMOX 500MG GEL 2BL10;1955;1295;0;0;A
2297978;LARIDOX 525 MG CPR B/3;580;383;0;0;A
2298788;COAMOX 457MG PED PDRE SUSP BUV F/70ML;4820;3192;0;0;A
2298794;ARTEFAN 20/120MG CPR B/24;2755;1824;0;0;A
2298802;ARTEFAN 40/240MG CPR B/12;2755;1824;0;0;A
2298831;UPRADONE GEL B/30;12400;8209;0;0;C
2298989;AZEE 500MG CPR B/3;4130;2736;0;0;
2299026;OSPAMOX 1000MG CPR DISP B/12;3720;2463;0;0;A
2299049;AMLIBON 10MG CPR B/30;6200;4105;0;0;A
2299339;SEPTYL 0,1% BAIN BCHE F200ML;1885;1250;0;0;
2299888;CARDIURINE CPR B/30;4325;2864;0;0;A
2492600;OTRIVINE 0,1% GTTE NAS F/10ML;1600;1058;0;0;C
3004889;FANSIDAR 500MG/25MG CPR QUADRISEC B/3;1210;803;0;0;A
3005328;ANTIBIO SYNALAR GTT AURIC 10ML;1970;1304;0;0;A
3005423;ANTIGRIPPINE VIT C CPR BT 12;1780;1174;0;0;
3007681;ASPIRINE UPSA VIT C CPR EFFV T/10 B/2;1280;848;0;0;
3008137;ATARAX 25MG CPR B/30;2315;1532;0;0;A
3010855;BETADINE 10% SOL VAG F/125ML;1435;949;0;0;
3016148;BUCCOTHYMOL BAIN BCHE F/150ML;1420;939;0;0;
3016450;CA C 1000 CPR EFFV B/10;2465;1633;0;0;
3016591;CALCIBRONAT 2G CPR EFFV BT 20;2450;1624;0;0;
3016993;CALSOURCE CALCIUM 500MG CPR EFFV B/20;2340;1551;0;0;
3020049;CERULYSE GTTE AURICUL FL 10ML;2065;1368;0;0;
3021741;CHIBRO-CADRON COLLYRE FL 5ML;2010;1331;0;0;A
3028476;DECONTRACTYL 250MG CPR B/50;1595;1052;0;0;
3038948;EXOFENE SILIC.EXT TALC BT 160G;2440;1610;0;0;
3040000;FLAGYL 250MG CPR B/20;2670;1770;0;0;A
3040017;FLAGYL 500MG OVULE BT 10;2535;1678;0;0;A
3044802;GLUCOPHAGE 850MG CPR B/30;3250;2153;0;0;A
3049538;HEXOMEDINE 0,1% SOL FP 250ML;3305;2189;0;0;
3057271;LAROSCORBINE 1G CPR EFFV B/10;1805;1195;0;0;
3057331;LASILIX 20MG INJ AMP 2ML B/1;1100;730;0;0;C
3065253;MAXIDROL COLL F/3ML;1860;1231;0;0;A
3066933;METEOXANE GEL B/60;3045;2016;0;0;C
3072879;NIFLURIL 250MG GEL B/30;2330;1541;0;0;C
3073979;NOVALGINE 500MG CPR BT 20;1995;1323;0;0;A
3077144;OXYPLASTINE PDE DERMQ TB 135G;2770;1833;0;0;
3082263;PHENERGAN 2% CREME DERM TB 30G;2065;1368;0;0;
3085020;POLYGYNAX OVULE BT * 6 *;2850;1888;0;0;A
3090908;RHINATHIOL PROMETH.SIR FL125ML;1655;1095;0;0;
3091374;RIBATRAN CPR BT 20;3965;2627;0;0;
3098608;SPASFON 80MG CPR ENR B/30;2245;1487;0;0;
3098614;SPASFON SUPPO B/10;2300;1523;0;0;
3103746;TENSIONORME 2,5MG/0,10MG CPR SEC B/24;1655;1095;0;0;C
3107313;TOTHEMA BUV AMP 10ML BT 20;4670;3092;0;0;
3111154;VALDA PAST BT FER 60;1235;827;0;4;
3112917;VISCERALGINE 50MG CPR B/30;2165;1432;0;0;
3112975;VISCERALGINE 20MG SUPPO B/20;1600;1058;0;0;C
3114945;VOGALENE 10MG INJ AMP1ML BT 10;3445;2280;0;0;C
3114968;VOGALENE 0,4% BUV GTTE FL 30ML;1805;1195;0;0;C
3125009;MAGNE B6 CPR DRG B/50;2935;1943;0;0;
3129467;MAALOX BUV SUSP FV 250ML;2010;1332;0;0;
3130594;CATACOL COLLYRE FL 10ML;1200;794;0;0;
3131694;FLAGYL 125MG/5ML SUSP BUV/120ML;2605;1724;0;0;A
3138414;STERDEX PDE OPHT CAPS B/12;1940;1285;0;0;A
3148996;TEMESTA 2,5MG CPR SECAB BT 30;2385;1578;0;0;A
3149978;BETADINE DERMQ FP 125ML JAUNE;1875;1240;0;0;
3150131;DELABARRE GEL GINGIVAL T/20G;2950;1952;0;0;
3158575;TRIDESONIT CR.DERM.0,05% T/30G;2395;1587;0;0;A
3158753;CLAMOXYL 500MG GELULE BT 12;1570;1040;0;0;A
3160508;TUSSISEDAL SIROP F/125ML;1885;1250;0;0;A
3160655;GRISEFULINE 500MG CPR BT 20;3390;2238;0;0;A
3163240;TANAKAN 40MG/ML SOL BUV F/30ML;6075;4022;0;0;
3171481;VOGALENE 5MG/5ML SOL BUV F/150ML;2725;1806;0;0;C
3173801;ALDOMET 500MG CPR B/30;4575;3028;0;0;A
3174284;LEXOMIL 6MG CPR B/30;3565;2361;0;0;A
3179293;PROFENID 100MG SUPPO BT 12;2765;1831;0;0;C
3181568;PRIMALAN 5MG CPR SECAB BT 14;3045;2016;0;0;A
3182800;OTRIVINE 0,05% ENFANT F/10ML;1445;958;0;0;C
3188607;IMODIUM 2MG GELULE BT 20;2700;1788;0;0;C
3188636;NIFLURIL 400MG ENF SUPPO SEC B/8;1775;1177;0;0;C
3189819;ASPEGIC 1000MG AD PDRE SOL BUV SACH/20;2795;1852;0;0;
3192276;DEPAKINE 500MG CPR DRG BT 40;8195;5427;0;0;C
3192307;SMECTA3G PDR SUSP BUV ORANG/VANIL SACH30;4420;2928;0;0;
3194631;CORRECTOL COLLYRE FL 10ML;1100;730;0;0;
3198356;MAXIDROL PDE OPHT T/3,5G;1380;912;0;0;A
3202359;CYTEAL SOLUTION MOUSSANTE F/500ML;4585;3036;0;0;
3204654;CYTEAL SOLUTION MOUSSANTE F/250ML;2410;1596;0;0;
3204720;PASSEDYL NN/ENF SP F/125ML;2315;1532;0;0;
3205435;EFFERALGAN PED BUV F/90ML;1310;867;0;0;
3205441;VOGALENE 15MG GEL B/20;5250;3475;0;0;C
3215356;LASILIX FAIBLE 20MG CPR B/30;1775;1177;0;0;C
3219294;DUPHASTON 10MG CPR B/10;3140;2080;0;0;A
3222304;FAZOL 2% CREME DERMQ T/30G;3995;2645;0;0;
3229708;BEDELIX 3G PDRE SUSP BUV SACHB/30;4420;2928;0;0;
3230002;CLAMOXYL 500MG PDR SIR FL 60ML;1765;1168;0;0;A
3230901;DIPROSONE 0,05% CR T/30G;3140;2080;0;0;A
3230924;DIPROSALIC PDE T/30G;2950;1952;0;0;A
3232018;DOLIPRANE 500MG CPR B/16;1210;803;0;0;
3232691;EUPHON PASTILLE SS SUCRE B/70;3335;2207;0;0;
3233153;DOLIPRANE 500MG PDRE SACH B/12;1185;784;0;0;
3234112;MOTILIUM 10MG CPR B/40;3330;2207;0;0;C
3236878;RHINATHIOL ADULTE SIR FL 300ML;3770;2496;0;0;
3237240;TITANOREINE LIDOCAINE 2% CR RECT T/20G;5935;3931;0;0;
3242904;UPSA VIT C 1G CPR EFFV B/10;1210;803;0;0;
3252127;BRONCATHIOL ENF SP F/125ML;2275;1505;0;0;
3255746;MYCOSTER CREME DERMQ TB 30G;4105;2718;0;0;
3256757;EFFERALGAN 500MG CPR SEC B/16;1390;921;0;0;
3257001;EFFERALGAN 500MG CPR EFFV B/16;1570;1040;0;0;
3260799;ALDACTONE 75MG CPR B/20;7950;5263;0;0;C
3263450;DEPAKINE SIROP FV 150ML;5635;3731;0;0;C
3263680;PRIMALAN 30MG SP + CUILL F/60ML;1900;1259;0;0;A
3263711;RHINOFLUIMUCIL GTTE NAS FL10ML;2275;1505;0;0;C
3264550;TOCO 500MG CAPS MOLLES B/30;3345;2216;0;0;
3267028;NAAXIA COLLYRE FP 5ML;3360;2225;0;0;
3267100;ERYFLUID SOL EXT FL 100ML;4765;3156;0;0;A
3270361;ASPEGIC 250MG PDRE SOL BUV SACH/20;1610;1067;0;0;
3270591;FERVEX AD GR SOL BUV SACH B/8;2590;1715;0;0;
3272503;ALDACTONE 50MG CPR B/20;5290;3503;0;0;C
3275826;DIPROLENE 0.05% PDE T/15G;1790;1186;0;0;A
3280543;TOBREX COLLYRE FP 5ML;2065;1368;0;0;A
3282565;CUTACNYL 5 GEL DERMIQUE TB40G;2725;1806;0;0;
3283949;EFFERALGAN CODEINE CPR EFFV B/16;2385;1578;0;0;A
3288993;PULMOSERUM SOLT BUV FL200ML GM;2165;1432;0;0;
3290323;OFLOCET 200MG CPR DRG BT 10;6200;4105;0;0;A
3291819;TARDYFERON B9 CPR DRG B/30;3085;2043;0;0;
3293184;FUCIDINE 2% CREME DERMQ TB 15G;2365;1566;0;0;A
3294692;HYPERIUM 1MG CPR B/30;11075;7333;0;0;A
3295639;TEGRETOL 2% SUSP BUV F/150ML;3485;2308;0;0;C
3295935;ADVIL 200MG CPR B/20;1460;967;0;0;C
3298431;TEGRETOL LP 400MG CPR B/30;6420;4250;0;0;C
3299040;TANAKAN 40MG CPR ENR B/30;6075;4022;0;0;
3304114;MYCOSTER SOL LOC FP 30ML;4050;2682;0;0;
3304321;GINKOR FORT GEL B/30;7575;5017;0;0;
3305622;HELMINTOX 5% SUSP BUV FV 15ML;1350;894;0;0;
3311568;FLAGYL 500MG CPR DRG B/14;2095;1386;0;0;A
3312148;ZINNAT 250MG CPR BT 8;6820;4515;0;0;A
3312438;TERPONE AD SIROP F/180ML;2040;1350;0;0;
3313113;OROKEN 200MG CPR BT 8;9755;6458;0;0;A
3313225;CHIBROXINE COLLYRE FL 5ML;3115;2061;0;0;A
3314526;DAKIN CPF SOL EXTERNE FL 250ML;1625;1076;0;0;
3314532;DAKIN CPF SOL EXT 500ML F/1;2165;1432;0;0;
3314874;TEGRETOL LP 200MG CPR B/30;3570;2364;0;0;C
3316005;EAU OXYGENEE 10V GILB F/120ML;1475;1012;0;4;
3316011;EAU OXYGENEE 10V GILB F/250ML;2175;1492;0;4;
3318665;NIFLUGEL 2,5% GEL T/60G;2230;1477;0;0;C
3318984;MEDROL 16MG CPR B/20;5220;3457;0;0;A
3319133;FUCITHALMIC 1% GEL OPHTA T/3G;2795;1852;0;0;A
3320521;PEPSANE GEL ORAL SACH 10G BT30;4740;3138;0;0;
3320768;CLAMOXYL 1G CPR DISP B/12;3720;2463;0;0;A
3320923;MONURIL 3G SACHET B/1;7025;4652;0;0;A
3321733;KALEORID LEO LP 600MG CPR B/30;1405;930;0;0;
3324708;ROVAMYCINE 3 MILLION CPR BT 10;5290;3503;0;0;A
3325406;METEOSPASMYL CAPSULE BT 20;3280;2171;0;0;
3328385;CORTANCYL 20MG CPR B/20;3305;2189;0;0;A
3330206;PROFENID 100MG CPR PELL B/30 EXP;3910;2590;0;0;C
3331335;AMLOR 10MG GEL B/30;15910;10535;0;0;A
3331358;AMLOR 5MG GEL B/30;12715;8419;0;0;A
3339874;MIOREL 4MG GELULE B/12;3210;2125;0;0;A
3341894;MYCOSTER 8% S.EXT+PINCEAU F3ML;13940;9231;0;0;
3349594;LAMISIL 1% CR T/15G;5040;3338;0;0;C
3349677;TIORFAN 100MG GEL B/20;4545;3009;0;0;A
3351579;FERVEX FRAMBOISE ENF GR SOL BUV SACH/8;2560;1697;0;0;
3351800;TARDYFERON 80MG CPR BT 30;2905;1925;0;0;
3354158;VITASCORBOL 500MG SS CPR T/12;1310;867;0;0;
3354164;VITASCORBOL 500MG SS CPR 2T/12;2615;1733;0;0;
3355873;FLIXONASE 50MCG SUSP NAS120DOS;5760;3813;0;0;A
3360265;POLYGYNAX CAPS VAG B/12;5125;3393;0;0;A
3360408;ORELOX 40MG/5ML SUSP.PED.FL100ML;10370;6866;0;0;A
3361359;ZYRTEC 10MG CPR BT 10;4585;3037;0;0;C
3361514;PANADOL 500MG CPR EFFV B/12;1255;830;0;0;
3373753;CILOXAN 0,3% COLL F/5ML;4270;2828;0;0;A
3376585;EOSINE AQUEUSE GILB 2% AMP/2ML B/10;1985;1330;0;4;
3381468;DIAMICRON LM 60MG CPR SEC  B/30;13720;9085;0;0;A
3382746;FLUDEX LP 1,5MG CPR PELL B/30;6640;4396;0;0;C
3383467;FLUDITEC ENF SIROP 2% FL125ML;1585;1049;0;0;
3383473;FLUDITEC AD SIROP 5% FL125ML;1790;1186;0;0;
3389978;FORLAX 10G PDRE SOL BUV SACH B/20;4075;2700;0;0;
3390467;DEBRIDAT 100MG CPR B/30;5345;3539;0;0;C
3390556;EFFERALGAN 80MG NN SUPPO B/10;1170;775;0;0;
3390579;EFFERALGAN 150MG SUPPO B/10;1255;830;0;0;
3390585;EFFERALGAN 300MG SUPPO B/10;1390;921;0;0;
3395832;PRIMALAN 10MG CPR SEC B/14;4865;3220;0;0;A
3396033;BRONCATHIOL ADULTE SP FL/150ML;2545;1687;0;0;
3398635;OFLOCET GOUTTES AURIC 1,5G B20;5950;3940;0;0;A
3400390;EFFERALGAN 250MG PDRE SACH B/12;1350;894;0;0;
3404459;DEXERYL CR T/250G;3790;2508;0;0;
3406518;MUCOMYST 200MG PDRE SOL BUV SACH B/18;2605;1724;0;0;
3411169;BRULEX POMMADE DERM TB 30G;2795;1851;0;0;
3412482;MYCOSTER 1% PDRE FL/30G;4050;2682;0;0;
3413501;QUINIMAX 500MG CPR BT 9;6075;4022;0;0;A
3416391;ARNICAN 4% CREME DERMIQUE T/50G;2220;1469;0;0;
3417083;ZELITREX 500MG CPR B/10;18485;12241;0;0;A
3421038;AMAREL 2MG CPR BTE 30;5690;3767;0;0;A
3430126;NASONEX 50MCG SUSP PULV NAS DOSE/120;12330;8163;0;0;A
3431278;ACTICARBINE CPR ENR B/42;1890;1250;0;0;
3436488;QUINIMAX 125MG CPR BT 18;4065;2691;0;0;A
3439251;AUGMENTIN ENF 100/12,5MG PDREBUV F/60ML;4795;3174;0;0;A
3442997;TOBRADEX COLL F/5ML;3335;2207;0;0;A
3443790;RHUMAGRIP CPR B/16;1585;1049;0;0;
3443873;VENTOLINE BUCC FL AERO 200DOSE;3570;2362;0;0;A
3460877;MAG 2 100MG CPR BLIST/60;4245;2809;0;0;
3473265;DACRYOSERUM COLL UNID 5ML B/20;3580;2372;0;0;
3473495;FRAKIDEX COLLYRE FL 5ML;2300;1523;0;0;A
3480911;DOLIPRANE 100MG NN SUPPO B/10;1240;821;0;0;
3480940;DOLIPRANE 150MG J.ENF SUPPO/10;1240;821;0;0;
3480986;DOLIPRANE 200MG SUPPO B/10;1240;821;0;0;
3481017;DOLIPRANE 300MG G.ENF SUPPO/10;1240;821;0;0;
3482330;SUPRADYN CITRON CPR EFFV B/10;3925;2600;0;0;
3482382;ELUDRILPRO BAIN BCHE F/200ML;2895;1915;0;0;
3484085;DERMOBACTER SOL EXT F/300ML;1885;1250;0;0;
3484524;CLIPTOL GEL T/50G;2715;1797;0;0;
3486687;NASONEX 50MCG PULV NAS DOSE/40;6720;4451;0;0;A
3488516;SEDASPIR 500MG/20MG/50MG CPR T/20;1955;1295;0;0;
3494273;DUSPATALIN 200MG GEL B/30;4105;2718;0;0;C
3499916;DOLIPRANE 200MG PDRE SACH B/12;1365;903;0;0;
3499945;DOLIPRANE 300MG PDRE SACH.B/12;1365;903;0;0;
3500849;FLUOCARIL BI250 MENT PATE/75ML;3625;2429;0;4;
3511066;XATRAL LP 10MG CPR B/30;24050;15926;0;0;A
3521113;TIORFAN 10MG BB PDRE SACH B/16;4545;3010;0;0;A
3521142;TIORFAN 30MG ENF PDRE SACH B/30;4545;3010;0;0;A
3523514;DUPHALAC SP FP/200ML;1820;1204;0;0;
3527133;EUPHON MENTHOL PAST B/70;3235;2143;0;0;
3528138;LASILIX 40MG CPR B/30;2740;1815;0;0;C
3529178;EFFERALGAN 1G CPR EFFV T/8;1460;967;0;0;
3529422;DOLIPRANE 1000MG CPR EFFV B/8;1475;976;0;0;
3531347;BIOTONE SOL BUV AMP 10ML B/20;3775;2499;0;0;
3533702;AUGMENTIN 500MG/62,5MG CPR PELL B/16;5425;3594;0;0;A
3543497;AZOPT 10MG COLL F/5ML;13265;8784;0;0;A
3550913;PULMODEXANE SOL BUV F/150ML;2550;1687;0;0;
3565530;AERIUS 5MG CPR PELL B/7;3100;2052;0;0;C
3565576;AERIUS 5MG CPR PELL B/15;6155;4077;0;0;C
3567664;INSU NOVOMIX30 FLEXPEN 100U/ML STYL3ML/5;44080;29188;0;0;C
3572458;VASTAREL LM 35MG CPR PELL B/60;8855;5865;0;0;A
3574865;KLIPAL CODEINE 300MG CPR B/16;1555;1031;0;0;A
3574871;KLIPAL CODEINE 600MG/50MG CPRB/12;2110;1396;0;0;A
3576025;XALACOM COLL F/2,5ML;20665;13682;0;0;A
3580162;GLUCOVANCE 500MG/2,5MG CPR B30;4490;2973;0;0;A
3580280;GLUCOVANCE 500MG/5MG CPR B/30;4490;2974;0;0;A
3584763;TRAVATAN 40MCG/ML COLL F/2,5ML;15155;10033;0;0;A
3584846;LAROSCORBINE 500MG SS CPR CROQ B/30;3210;2125;0;0;
3585024;XYZALL 5MG CPR B/14;6075;4022;0;0;C
3593101;LIPOSIC GEL OPHT T/10G;2275;1505;0;0;
3593992;BEPANTHEN 5% ONGUENT PDE T/30G;3180;2107;0;0;
3598972;OPATANOL 1MG/ML COLL SOL F/5ML;5095;3375;0;0;A
3612034;INSULINE MIXTARD30 100UI SUSPINJ F/10ML;7575;5017;0;0;C
3617103;OXYBOLDINE CPR EFFV T/24;2890;1915;0;0;
3622570;BRUFEN 400MG CPR DRG B/30;2685;1779;0;0;C
3637324;EFFERALGAN VITC 500MG/200MG CPR EFFV/16;1500;994;0;0;
3637755;AFTAGEL GEL BUCCAL T/15ML;2920;1934;0;0;
3638223;MAG 2 SS SUCRE AMP 10ML B/30;5000;3311;0;0;
3646866;LOVENOX 4000UI ANTI XA SER 0,4ML B/2;8650;5728;0;0;A
3649793;VOGALENE 5MG SUPPO B/10;1090;721;0;0;C
3676637;FUCIDINE 250MG CPR PELL B/10;10925;7233;0;0;A
3698538;CRESTOR 5MG CPR PELL B/30;11985;7935;0;0;A
3714272;TENORMINE 50MG CPR B/30;3855;2553;0;0;A
3742038;TEMERIT 5MG CPR B/30;9420;6239;0;0;A
3756046;COQUELUSEDAL NN SUPPO B/10;1860;1231;0;0;
3772298;LANTUS SOLOSTAR PREREMP 3ML STYLOS/5;50525;33456;0;0;C
3782405;BIPRETERAX 5MG/1,25MG CPR PELL B/30;15155;10033;0;0;A
3853559;HUMEX 0,30G/0,03G/100ML COLL SPR/35ML;2520;1669;0;0;
3858025;COVERAM 5MG/5MG CPR B/30;14465;9577;0;0;A
3858143;COVERAM 5MG/10MG CPR B/30;14810;9805;0;0;A
3858278;COVERAM 10MG/5MG CPR B/30;21005;13910;0;0;A
3858396;COVERAM 10MG/10MG CPR B/30;21350;14138;0;0;A
3879530;ARCOXIA 90MG CPR B/7;6680;4423;0;0;A
3879642;ARCOXIA 120MG CPR B/7;6750;4470;0;0;A
3883827;XARELTO 10MG CPR PELL B/10;13775;9121;0;0;A
3931549;BIPRETERAX 10 MG/2,5 MG CPR PELL B/30;21005;13910;0;0;A
3945037;ELLAONE 30MG CPR B/1;5245;3473;0;0;
4032184;CANDID CR T/20G;1985;1313;0;0;A
4032209;CANDID PDRE F/30G;1735;1149;0;0;A
4207459;CANDID B CR T/15G;2615;1733;0;0;A
4215849;STRIMOL EXTRA CPR B/20;1750;1158;0;0;
4289718;EXFOLIAC ACNOMEGA 200 CR IMPERFECT 30ML;11115;7630;0;4;
4382429;LEUKOPLAST S 5MX2CM;990;802;0;0;
4486850;CUTICELL CLASSIC PANS GRAS 10X10CM B/10;3395;2755;0;0;
4493471;ALVITYL SP F/150ML;5050;3383;0;4;
4501897;LAINO SAV ALEP PAIN/150G;4860;3337;0;4;
4550499;ATODERM CR T/200ML;8850;5573;0;4;
4677308;ARTHROSTOP PLUS CPR B/30;7000;4804;0;4;
4704821;TENSOPLAST HB BANDE ADH 2,5MX3CM B/1;1700;1381;0;0;
4704838;TENSOPLAST HB BANDE ADH 2,5MX6CM B/1;2695;2187;0;0;
4704844;TENSOPLAST HB BANDE ADH 2,5MX8CM B/1;3315;2691;0;0;
4704850;TENSOPLAST HB BANDE ADH 2,5MX10CM B/1;4215;3422;0;0;
4716994;ATODERM PP BME ANTI RECID T/200ML;13355;8411;0;4;
5015271;NUCLEO CMP FORTE CAPS B/30;6390;4232;0;0;
5133763;MAGNESIUM MARIN FORT CPR B/15;4760;3191;0;4;
6052222;BLEDINE LACTEE AU MIEL BT 250G;2005;1673;0;1;
6151651;BLEDINE LACTEE BISCUITEE 250G;2010;1678;0;1;
6154224;SULFATE MAGNESIE SACH 30G PCH1;690;462;0;4;
6264875;DUCRAY KERACNYL LOT PURIF F/200ML;10805;7244;0;4;
6365487;AVENE EAU THERMAL AERO FL150ML;5355;3588;0;4;
6418953;AVENE EAU THERMAL AERO FL300ML;7115;4768;0;4;
6530331;LAINO VIS/CORP ARGILE VERTE PATE T/350G;6140;4213;0;4;
6533424;SAFORELLE SOIN SOL LAV DOUX F/250ML;5155;3456;0;4;
6549997;CANDEREL CPR SODIQ S/SOD B/100;3060;2052;0;4;
6554768;BROSS DENT ELGYDIUM STANDARD DURE/1;2955;1979;0;4;
6578680;NIVEA 81100 LAIT DEMAQ FL200ML;4545;3119;0;4;
6579538;PATE GINGIVALE SPECIA TB 100ML;6590;4417;0;4;
6600706;BANDE VELPEAU CREP 4MX5 BLEU;830;673;0;0;
6600712;BANDE VELPEAU CREP 4MX7 BLEU;1060;858;0;0;
6604325;REMD TETINE NN CAOUT B/1;1730;1233;0;4;
6604331;REMD TETINE SUPER 2 AGE CAOUTB/1;1740;1238;0;4;
7101276;PRESERV MANIX SUPER B/4;1045;878;0;0;
7213615;ELLE TEST GROSSESSE 25UI/L B/1;1265;1020;0;0;
7228829;SEBIUM H2O SOL NET F/250ML;9415;5928;0;4;
7248950;PARODONTAX PATE GING T/75ML;4715;3159;0;4;
7384966;PAROGENCYL DENTIF SOIN INT GENCIV T/75ML;3430;2299;0;4;
7402546;ROGE CAV SOIN HYDR CORPOREL F/300ML;11385;7816;0;4;
7564585;SEBIUM H2O SOL NETT F/500ML;12015;7567;0;4;
7569039;EXFOLIAC LOTION ASSECHANTE F/125ML;13150;9027;0;4;
7685840;PRESERV MANIX XTRA PLEASURE/3;1040;878;0;0;
7729193;HYPAFIX BANDE ADHES 2MX10CM;1420;1154;0;0;
7731014;GLYCERINE OFFICINALE PHARMA F/60ML;1020;653;0;4;
7736626;PHYSIODOSE SERUM PHYSIO 5ML/30;3040;2036;0;4;
7880725;PHYSIODOSE SERUM PHYSIO 5ML/15;1815;1215;0;4;
7919255;ELGYDIUM DENTIF BLANCHEUR T/75ML;5005;3355;0;4;
7969684;ELGYDIUM PROTECT CARIE T/75ML;4105;2751;0;4;
8000086;APAZIDE 200MG GEL B/16;1695;1122;0;0;C
8000169;AZIX 500MG CPR B/3;6610;4378;0;0;A
8000442;LONGAMYCINE 200MG CPR B/8;1390;921;0;0;A
8000933;AMOXICILLINE CREACIL 500MG GEL B/12;1405;930;0;0;A
8002205;FUCLO 250MG SP F/100ML;3855;2553;0;0;A
8002257;BIMALARIL 80/480MG CPR B/6;2300;1523;0;0;A
8002292;BIMALARIL ENF SUSP F/30ML;2630;1742;0;0;A
8002406;BIMALARIL BB SUSP F/30ML;1500;994;0;0;A
8002435;CEFALORAL 200MG CPR B/10;3900;2581;0;0;A
8002464;BIMALARIL ADO SUSP F/30ML;2725;1806;0;0;A
8002530;CEFALORAL 100MG CPR DISP B/10;4410;2919;0;0;A
8003038;C PLUS 1,5% COLLUT SPR/50ML;2900;1916;0;0;C
8003682;RINOMICINE SACH B/10;1995;1323;0;0;
8003699;NIDAZOL 500MG CPR B/20;1655;1095;0;0;A
8004776;COMBIMAL CPR B/3;440;292;0;0;A
8005132;BEZINC GEL B/30;3005;1988;0;0;
8005273;LO-CARD-50 CPR B/10;1570;1040;0;0;A
8005362;T-FER SP F/200ML;1680;1113;0;0;
8005439;TRE-BON 100MG CPR B/10;3555;2353;0;0;A
8005468;PAROL 500MG CPR B/30;1100;730;0;0;
8005497;PAROL 250MG/5ML SUSP BUV F/100ML;1585;1049;0;0;
8005681;CIPRONAT 500MG CPR B/14;2755;1824;0;0;A
8006166;TICASSE 875/125MG CPR B/14;6200;4105;0;0;A
8006798;OEDES 20MG GEL B/14;3910;2590;0;0;C
8007020;GAMALATE B6 COMP B/20;4310;2855;0;0;
8007065;GANT CHIRUR STER LABELL T7,5/1;420;349;0;0;
8007409;GESTID CPR B/20;1100;730;0;0;
8008998;SEPTILAIT SOL F/250ML;2145;1417;0;0;
8010185;MULTIVIT 12 MINRX BIOFAR CPR EFFV T/20;4215;2824;0;4;
8011144;PANADOL 2,4% ENF/NN SP F/100ML;1100;730;0;0;
8011463;DOXY DENK 100MG CPR B/20;3375;2235;0;0;A
8011718;GYNOSPAN SUPPO B/10;2065;1368;0;0;
8012008;MULTICAL PLUS 100 SACH B/10;5155;3454;0;4;
8012037;PHYTORAL 200MG CPR B/10;3235;2143;0;0;A
8012155;FLOTAC HGC 75MG CAPS B/20 R71;6875;4551;0;0;C
8012333;VERMOX 500MG RCI CPR POCHETTE*1*;1365;904;0;0;C
8012385;VERMOX 100MG RCI CPR B/6;1570;1040;0;0;
8012422;VERMOX 2% RCI SUSP BUV F/30ML;1995;1321;0;0;C
8014148;PHARMAGRIP SS GEL B/14;1790;1185;0;0;
8014639;AZIBACT 500MG CPR B/3;4135;2736;0;0;A
8014792;TUSSIPHAN SIROP FL 125ML;1680;1113;0;0;
8015099;ALBEN 400MG CPR B/1 SD;1445;958;0;0;C
8015372;MUKESTAT 150MG CPR B/4;2840;1879;0;0;A
8015550;VITA C 1000 CPR EFFEV B/10;1045;693;0;0;
8015797;VOLTARENE LP 75MG CPR B/20;6390;4232;0;0;C
8016093;CELEBREX 200MG GEL B/10;9120;6038;0;0;A
8016526;RESPIBIEN 0,5MG GTTE NAS F/15ML;1655;1095;0;0;C
8017371;ACARILBIAL SOL EXT F/200ML;2865;1897;0;0;
8017744;ASTAPH 250MG/5ML PDRE SUSP BUV F/100ML;4820;3192;0;0;A
8017922;BISPIRAZOLE 1,5 MUI/250MG CPRB/15;5565;3685;0;0;A
8018086;ZOCIN 200MG/5ML SUSP BUV F/15ML;2630;1742;0;0;A
8018293;MEGACEF 40MG/5ML PDRE  SUSP BUV F/60ML;3570;2362;0;0;A
8018330;MEGACEF 100MG/5ML PDRE  SUSP BUV F/60ML;7505;4971;0;0;A
8018784;NORFEN 400MG CPR B/10;2615;1733;0;0;A
8018838;WORMIN 500MG CPR B/1;360;237;0;0;
8018979;BRUSTAN CPR B/20;2520;1669;0;0;A
8018991;ASTAPH 125MG SP F/60ML;2315;1532;0;0;A
8019051;ASTAPH 500MG GEL B/12;2715;1797;0;0;A
8019602;TRABAR 100MG INJ AMP B/5;4545;3010;0;0;A
8019654;GYNOMAX OVULES B/12;6195;4102;0;0;A
8021409;CLOTRI DENK 100MG CPR VAG B/6;2175;1441;0;0;
8022455;ALTRIM 400MG/80MG SUSP BUV F/100ML;1795;1186;0;0;A
8022923;LARITEM 80/480MG CPR B/6;1995;1323;0;0;A
8024081;LITACOLD SP F/100ML;1130;748;0;0;
8024626;SOLUTAN-C SOL EXT F/250ML;1760;1163;0;0;
8025465;AMLOZAAR 5MG/50MG CPR B/30;14985;9924;0;0;A
8026200;NO SPA 40MG CPR B/20;1790;1186;0;0;C
8026625;MEGACEF 200MG GEL B/16;11090;7343;0;0;A
8026743;OZIBEN 200MG SACH B/3;1830;1213;0;0;C
8027292;ISOLONE 5MG CPR EFFV B/30;1625;1076;0;0;A
8027530;HAEM UP SP F/200ML;3265;2162;0;0;
8028386;JUVAMINE FIZZ MG+VIT B6B2EFF30;3675;2464;0;4;
8028423;AZICURE 200MG/5ML SUSP ORAL F/15ML;4410;2919;0;0;A
8030259;VEREX 400MG CPR B/1;970;641;0;0;C
8030265;VEREX 400MG SUSP BUV F/10ML;970;641;0;0;C
8030495;NATECAL D CPR B/60;5235;3466;0;0;
8031187;CURAM 1000MG CPR B/10;7055;4670;0;0;A
8031402;CEFTRIAXONE LDP 1G PDRE INJ +SOLV B/1;3445;2280;0;0;A
8031796;MAGNESIUM VIT B6 BIOFAR CPR EFFV T/20;3405;2282;0;4;
8031810;VIT ACE SE ZN BIOFAR CPR EFF20;4105;2752;0;4;
8034464;ASCORIL SP F/100ML;2505;1660;0;0;A
8034518;ASTAPH 250MG SP F/60ML;3335;2207;0;0;A
8034932;CIFRAN CT CPR B/10;6090;4032;0;0;A
8035908;KINAL CODEINE GEL B/18;1860;1231;0;0;A
8036902;OROFER 50MG SP F/150ML;1820;1204;0;0;
8038048;AERIUS SP F/60ML + CUIL/1;4130;2735;0;0;C
8039183;RAPICLAV 1G CPR B/14;6695;4433;0;0;A
8039728;JUVAMINE FIZZ TAURINE GINSENGCPR EFF/30;4960;3325;0;4;
8040714;ACYCLOVIR DENK 200MG CPR B/25;9675;6406;0;0;A
8040938;LIC DAZOL 400MG CPR B/2;1465;968;0;0;C
8041731;REUMOXICAN 20MG SUPPO B/12;2960;1961;0;0;A
8042328;METRODEX 4G/100ML SUSP BUV F/120ML;2175;1437;0;0;A
8042452;AMOXI-DENK 500MG CPR 2BL10;2120;1405;0;0;A
8043109;AMOXICILLINE TM 500MG CPR B/12;950;629;0;0;A
8043144;MULTIVIT BIOFAR CPR EFFV T/20;3440;2304;0;4;
8043167;CALCIUM+MAG BIOFAR CPR EFFV/20;3535;2368;0;4;
8043196;VIT C1000 BIOFAR CPR EFFV T/20;3800;2548;0;4;
8043204;ZINC VIT C BIOFAR CPR EFFV T/20;3925;2630;0;4;
8043285;ARTEM 80MG/1ML AMP INJ B/6;5880;3895;0;0;A
8043902;FLUIDIBRONC 2% SP ENF 125ML;1660;1096;0;0;
8043919;FLUIDIBRONC 5% SP AD 250ML;2585;1706;0;0;
8043925;FERAMALT SP F/100ML;6345;4191;0;0;
8045775;PARA DENK 500MG CPR BL/20;760;502;0;0;
8045812;PANADOL EXTRA 500MG/65MG CPR B/20;1280;848;0;0;
8046036;LOFNAC P 50MG/500MG CPR B/10;1320;876;0;0;C
8046160;FIXIM 200MG CPR B/10;4960;3284;0;0;A
8048816;FLUCAZOL 50MG/5ML PDRE SUSP BUV F/60ML;2575;1706;0;0;A
8049052;IBEX 200/325/30MG GEL B/24;1170;775;0;0;C
8049170;NOVATEN AM CPR B/28;8265;5473;0;0;A
8049661;LARITHER 80MG INJ 1ML B/6;5745;3804;0;0;A
8050084;AMCARD 5MG CPR B/28;4090;2709;0;0;A
8050210;OMEGEN 20MG GEL B/14;2630;1742;0;0;C
8050291;LOFNAC 1% GEL DERM T/30G;1210;803;0;0;C
8051327;BONCIPRO 500MG CPR B/20;4820;3192;0;0;A
8051729;VICLINE 200MG CPR PELL SEC B/10;1400;924;0;0;A
8054024;AMOXICILLINE UBI 500MG GEL B/120;8265;5473;0;0;A
8054047;IBUPROFENE UBI  400MG CPR B/100;3005;1988;0;0;C
8054082;PARACETAMOL UBI 500MG CPR 100BL 10;12385;8200;0;0;
8054171;CIPROFLOXACINE UBI 750MG CPR 10 BL 10;11570;7662;0;0;A
8054194;AMOXICILLINE UBI 125MG PDRE SUSP F/60ML;895;593;0;0;A
8054231;AMOXICILLINE UBI 250MG PDRE SUSP F/60ML;1005;666;0;0;A
8054484;BENZATHINE BENZYLPENI UBI 2,4MUI IM B/1;1100;730;0;0;
8054509;METRONIDAZOLE UBI 500MG SOL INJ F/100ML;1100;730;0;0;A
8054521;METRONIDAZOL UBI 125MG/5ML PDR SUSP100ML;770;511;0;0;A
8054610;MUCODRENOL 6MG/ML SP F/200ML;2190;1450;0;0;
8055147;FEDATE SP FL/200ML;3030;2007;0;0;C
8059783;ABZ 400MG CPR B/1;825;547;0;0;C
8060303;NOVAFER 50MG/5ML SP F/200ML;3155;2089;0;0;
8061604;NUGREL 75MG CPR B/30;10495;6950;0;0;A
8061768;CETRAXAL+ 3MG/0,25MG GTTE AURIC F/10ML;5495;3639;0;0;A
8061892;PHYTORAL 2% SH F/100ML;2770;1833;0;0;A
8062153;CEFIM 100MG SUSP F/60ML;7575;5017;0;0;A
8063709;VERIBEN 4% SUSP BUV F/10ML;1005;665;0;0;C
8064330;PARACETA M 1G SOL INJ F/100ML;1610;1067;0;0;
8064554;LEVO BD 1,5MG CPR B/1;2340;1551;0;0;
8064614;BIAKOF SP TOUX F/200ML;2065;1367;0;0;
8065329;ZIFAR 10MG CPR B/14;1435;949;0;0;C
8066174;BRONCHO SP F/120ML;2315;1532;0;0;
8066263;GUAFLEX SP F/120ML;3055;2048;0;4;
8066547;ACLAV 500MG/62,5MG SACH B/12;5510;3648;0;0;A
8066553;ACLAV 1G/125MG SACH B/12;5550;3676;0;0;A
8066582;ACLAV 100MG/12,5ML SUSP BUV F/60ML;3235;2143;0;0;A
8067021;TREMADOL 50MG CPR B/20;3515;2326;0;0;A
8069132;AZITHRO 200MG PDRE SUSP BUV SACH B/3;2755;1824;0;0;A
8069190;PROMONGYL 1G CPR PELL SEC B/2;2300;1523;0;0;A
8069787;VERIBEN 400MG CPR B/1;1030;680;0;0;C
8070796;PROTEC PILL 1,5MG CPR B/1;2065;1368;0;0;
8071198;AMOXI DENK 1000MG CPR B/10;2755;1824;0;0;A
8071264;AMOXICLAV DENK 1000/125MG PDRE SACH B/8;4820;3192;0;0;A
8071324;AMOXICLAV DENK 500MG/62,5MG CPR B/16;4820;3192;0;0;A
8071399;ASU DENK FIXED DOSE CPR B/3;3515;2326;0;0;A
8071778;AZICURE 500MG CPR B/3;4960;3284;0;0;A
8071838;OFLOMAC 200MG CPR B/10;2935;1943;0;0;A
8071873;DAZEL KIT CPR B/4;5165;3420;0;0;A
8071896;BIBA SP F/100ML;2480;1642;0;0;
8072909;APDROPS COLL F/3ML;3100;2052;0;0;A
8073027;CURAM 1000MG/125MG SACH B/12;7440;4925;0;0;A
8073228;MALACUR 40MG/320MG CPR B/9;3580;2372;0;0;A
8073725;LACOMA COLL F/2,5ML;10330;6841;0;0;A
8073754;LACOMA T COLL F/2,5ML;11710;7753;0;0;A
8073961;DIFENASOL COLL F/5ML;1115;739;0;0;C
8074506;PARA CO-DENK 1000/60MG SUPPO B/10;4960;3284;0;0;A
8074558;NEMOZOLE 400MG CPR B/1;925;611;0;0;C
8074943;PARACAF CPR B/20;895;593;0;0;
8076190;ARTEFAN 80/480MG CPR B/6;2150;1423;0;0;A
8076327;STIMOL 1G SOL BUV AMP/10ML B/18 AFR;5495;3639;0;0;
8076497;GENFORTE 400MG/500MG CPR B/100;9645;6385;0;0;A
8076882;AVAS 10MG CPR PELL B/30;6295;4168;0;0;A
8076913;AVAS 20MG CPR PELL B/30;8405;5564;0;0;A
8076959;AMLONG 5MG CPR B/30;5770;3822;0;0;A
8076988;AMLONG 10MG CPR B/30;9850;6522;0;0;A
8077048;BRONQUIDIAZINA C.R. SP F/150ML;3030;2007;0;0;A
8077226;GRAMOCEF 0 200MG GEL B/10;4020;2663;0;0;A
8077752;BACTOCLAV 1G CPR B/12;3775;2501;0;0;A
8078013;SUPIROCIN PDE T/15G;3980;2636;0;0;A
8078504;JUVAMINE FIZZ GOLD CPR EFFV B/30;5585;3745;0;4;
8079716;ZINC 15MG CPR B/30;2725;1871;0;4;
8079834;VITAFER CAPS 150MG/0,5MG (FER45MG) B/30;2725;1804;0;0;
8081280;ASTYMIN FORTE CAPS B/20;3170;2098;0;0;
8081311;ASTYMIN SP F/110ML;3250;2153;0;0;
8081481;ENTAMIZOLE DS 500MG/400MG CPRB/15;3250;2153;0;0;A
8081541;ENTAMIZOLE 250MG/320MG SUSP BUV F/100ML;2920;1934;0;0;A
8081802;LITACOLD CPR B/80;5495;3639;0;0;
8081860;CIPHACET 3% SOL BUV F/90ML;1000;660;0;0;
8082121;MELEX 1MG CPR B/30;6090;4032;0;0;A
8082150;RINIALER 10MG CPR B/20;7685;5090;0;0;C
8082256;TRAMADIS 100MG/2ML AMP INJ B/5;2960;1960;0;0;A
8082285;DESLOR 5MG CPR B/15;4340;2873;0;0;C
8083008;PROKEFEN 100MG CPR DISP B/30;1750;1158;0;0;C
8083379;DEFAL 30MG CPR B/10;8240;5454;0;0;A
8083445;DISTEM 300MG/380MG CPR B/50;4410;2919;0;0;C
8083528;DICLO DENK 50MG CPR B/20;1240;821;0;0;C
8083557;DICLO DENK 100MG RETARD CPR B/10;1240;821;0;0;C
8083853;EXFORGE FCT 5MG/160MG CPR PELL B/28;21820;14448;0;0;A
8083876;EXFORGE FCT 10MG/160MG CPR PELL B/28;21820;14448;0;0;A
8084261;GASPRAL 40MG PDRE INJ + SOLV 5ML B/1;3155;2089;0;0;C
8084700;ATORFIT 20MG CPR B/30;8405;5564;0;0;A
8084717;ATORFIT 10MG CPR B/30;6335;4196;0;0;A
8087638;AMLONG A 5MG CPR B/30;11335;7507;0;0;A
8087710;CO-ARINATE ENF CPR B/3;2410;1596;0;0;C
8087756;CO-ARINATE AD CPR B/3;2960;1961;0;0;C
8088566;FERRO DENK 50MG CPR B/50;3030;2007;0;0;
8089519;AMIFER SP F/200ML;2895;1915;0;0;
8090830;METFORMIN DENK 500MG CPR B/30;1240;821;0;0;A
8090971;VOLTFAST 50MG PDRE SACH B/9;3470;2298;0;0;C
8091137;COFANTRINE AD 80/480MG CPR B/6;2685;1779;0;0;A
8091261;AMLOTENSINE 5MG CPR B/30;4545;3010;0;0;A
8091605;CURAM 500MG/100MG AMP INJ IV B/1;1930;1277;0;0;A
8091663;JUVAMINE FIZZ 11VIT 7MINERAUXCPR EFF/30;3880;2600;0;4;
8091924;RINOGRIP SACH B/10;2550;1687;0;0;
8092450;RANOPHAGE OD 1000MG CPR B/30;2630;1742;0;0;A
8092674;CALCHEK 10MG CPR B/30;3995;2645;0;0;A
8092680;CALCHEK 5MG CPR B/30;3580;2372;0;0;A
8092711;ARTRINE 20MG/120MG CPR B/24;2375;1570;0;0;A
8093484;COLINIL GTTE F/15ML;2065;1368;0;0;
8093828;BETASONE 0,5MG/ML GTTE BUV F/30ML;3265;2156;0;0;A
8095891;GENTASOL 0,3% COLL F/5ML;1170;775;0;0;A
8097743;ANOMEX SUPPO B/10;6200;4105;0;0;
8098234;SODROL 40MG PDRE INJ B/1;1455;963;0;0;A
8098636;LERIN 0,125MG CPR B/30;3500;2317;0;0;A
8098642;RESTRIVA 500MG CPR B/20;1710;1131;0;0;
8098694;DYNAPAR 1% GEL T/30G;1145;757;0;0;C
8099452;ARTEMETHER UBI 80MG AMP INJ B/10;9920;6567;0;0;A
8201241;ALCOOL IODE 125CC VALD;0;1099;0;4;
8201318;FLORA SUPER SAV ANTI-MICROBIEN 200G;745;469;0;4;
8201376;FLORA SUPER SAV EMBELLISSANT PAIN/200G;745;469;0;4;
8204720;BANDE CREP.LABELL CELLO 4MX5CM;410;334;0;0;
8204736;BANDE CREP.LABELL CELLO 4MX7CM;560;455;0;0;
8204759;BANDE CREP LABELL CELLO 4MX15;1110;902;0;0;
8204802;BANDE CREPE LABELL ETUI 4MX7;630;511;0;0;
8204819;BANDE CREPE LABELL.ETUI 4MX10;855;692;0;0;
8206712;BLEDINE LACTEE FRUITS BT 250G;1620;1364;0;1;
8208332;PHYTOPHAR LOT BIOCLARIF  F/125ML;5815;3726;0;4;
8209797;CERELAC AU RIZ FARINE BT 400G;3280;2768;0;1;
8209811;CERELAC BLE FARINE BT 400G;2535;2140;0;1;
8209834;CERELAC 3 FRUITS FARINE BT400G;3260;2749;0;1;
8211950;COMPRESS PUR LABELL 20X20 PQ10;305;245;0;0;
8211966;COMPRESS PUR LABELL 30X30 PQ10;500;406;0;0;
8211972;COMPRESS PUR LABELL 40X40 PQ10;820;665;0;0;
8211989;COMPRESS STER.LABELL 20X20/10;555;448;0;0;
8211995;COMPRESS STER.LABELL 30X30/10;815;661;0;0;
8212003;COMPRESS STER.LABELL 40X40/10;1260;1023;0;0;
8212032;COMPRESS PUR LABELL 40X40 P100;6725;5456;0;0;
8212569;COTON CODEX HYDRO LABELL 50G;730;489;0;0;
8212575;COTON CODEX HYDRO LABELL 100G;980;796;0;0;
8212581;COTON CODEX HYDRO LABELL 200G;1915;1556;0;0;
8214806;EPICRAN 5/10 25G ORAN LABELL/1;130;106;0;0;
8214812;EPICRAN 6/10 23G BLEU LABELL/1;130;107;0;0;
8214829;EPICRAN 7/10 22G NOIR LABELL/1;130;107;0;0;
8216225;FLUORYL DENTIFRICE TB 75ML;1235;911;0;4;
8217331;FAIR&W LAIT ALOE VERA ECLAIRCF/500ML;7790;5498;0;4;
8218017;GANT CHIRUR STER LABELL T8 /1;490;407;0;4;
8218052;VITAMINE E FORTE MEPACO GEL B/20;3155;2089;0;0;
8229676;PRESERV DOMINO MENTHE /6;865;730;0;0;
8229682;PRESERV DOMINO VANILLE/6;870;731;0;0;
8229788;PRESERV DOMINO NATURE /6;865;730;0;0;
8233784;CEREALES LACTEES RIZ MIEL B/200G;2090;1763;0;1;
8235530;FAIR&W LAIT ECLAIRC F/500ML;7790;5498;0;4;
8235719;FAIR&W GLYCERINE ECLAIRC F/125ML;5105;3602;0;4;
8235837;EXCLUSIV FAIR & WHITE LAIT VIT C F/500ML;11540;8146;0;4;
8235872;EXCLUSIV FAIR & WHITE GEL VITC T/30G;4215;2974;0;4;
8235903;EXCLUSIVE SERUM VIT C F/30ML;7830;5528;0;4;
8236363;ACCU CHEK ACTIVE BDLETTE B/25;8195;6609;0;0;
8236400;ACCU CHEK ACTIVE BDLETTE B/50;12895;10397;0;0;
8238675;THERMOMETRE DIGITAL LABELL/1;2570;1722;0;4;
8245617;BICARBONATE SODIUM B/250G;1245;835;0;4;
8249963;EXCLUSIVE LOT PURIF VIT C F/250ML;6920;4883;0;4;
8252793;COTON CODEX HYDRO LABELL 25G;550;368;0;0;
8254734;MICOZAL 2% CR T/15G;1765;1168;0;0;A
8255768;COLLECTEUR URINE LABELL 2L SACH/1;735;492;0;4;
8260367;EXCLUSIV F&W LAIT MAXITONE F/250ML;9105;6428;0;4;
8260746;SO WHITE F&W LAIT MAXITONE F/250ML;7385;5211;0;4;
8263420;TEST DE GROSSESSE ANALISA B/1;1495;1206;0;0;
8274984;SILVEREX CR T/25G;1475;976;0;0;A
8275794;THE CATHERINE SACH  B/16;3170;2236;0;4;
8276552;CATHETER UBI ONE IV 22G 25MM BLEU/1;485;393;0;0;
8276569;CATHETER UBI ONE IV 24G 19MM JAUNE/1;485;394;0;0;
8280513;FLACON STER PRELEV 150ML RR;0;653;0;4;
8283227;LEUKOPLAST 5MX10CM PERF;4570;3709;0;0;
8283262;LEUKOPLAST 5MX18CM PERF;7350;5965;0;0;
8283977;SPARADRAP LABELL PERF 5MX5CM;2445;1650;0;0;
8291391;SERING EMB GAVAGE 60ML B/1;425;345;0;0;
8293237;THE CATHERINE SACH B/32;6170;4354;0;4;
8295495;EXCLUSIVE FAIR AND WHITE LAIT F/500ML;10800;7622;0;4;
8295532;EXCLUSIVE FAIR AND WHITE GEL CREME 30G;3665;2585;0;4;
8295561;EXCLUSIVE FAIR AND WHITE SAVON 200G;3625;2557;0;4;
8295621;EXCLUSIVE FAIR AND WHITE SERUM 30ML;7370;5201;0;4;
8296566;CEREALE LACTEE BLE FRUIT B/250G;2090;1763;0;1;
8298849;THE CATHERINE SACH B/8;1585;1118;0;4;
8303088;FRANCE LAIT AR PDRE B/400G;5430;4530;0;1;
8303728;NINOLAC CEREALE LAIT BLE DATTES B/200G;1660;1399;0;1;
8303757;NINOLAC CEREALE LAIT BLE MIELB/200G;1660;1399;0;1;
8303792;NINOLAC CEREALE LAIT BLE 5FRUITS B/200G;1660;1399;0;1;
8303823;NINOLAC CEREALE LAIT BLE B/200G;1660;1399;0;1;
8303869;NINOLAC CEREALE RIZ B/200G;1660;1399;0;1;
8306023;CEFIM 200MG GEL B/12;5095;3375;0;0;A
8306098;VISCODRIL SP F/100ML;2065;1368;0;0;
8308335;DIARUM 2MG GEL B/20;1310;867;0;0;C
8418756;RAPIDEX 500/10/10/50MG PDRE SACH B/10;3140;2080;0;0;C
8450323;VITACAC 1G PDRE SOL BUV SACH B/10;1575;1039;0;0;
8494036;PRESERV DOMINO FRAISE /6;870;733;0;0;
8597842;ECLADERMA CLASSIC SAV MENTHOLISS/170G;1365;873;0;4;
8597894;ECLADERMA CLASSIC SAV KOJIC CLAIR/170G;1365;873;0;4;
8597948;ECLADERMA CLASSIC GEL MOUSSANT F/250ML;2320;1486;0;4;
8607730;TEST RAPIDE PALUDISME MALARIAKIT/1;1460;1210;0;0;
9000154;SENSODYNE REPAR&PROTEG BLANCHDENT/75ML;4615;3166;0;4;
9000160;SENSODYNE BROSS DENT PRECISION MED/1;1915;1313;0;4;
9000214;DICYNONE 500MG GEL B/20;4820;3192;0;0;
9000421;DICLOCED 0,1% COLL SOL F/10ML;5370;3557;0;0;C
9000438;PROPOFAN GEL B/15;2590;1715;0;0;A
9001449;PANADOL ADVANCE 500MG CPR PELL SEC B/16;990;657;0;0;
9003282;DOLVEN 20MG/ML PED SUSP BUV F/120ML;1300;859;0;0;C
9003342;FORTADOL 37,5MG/325MG CPR PELL B/16;2235;1481;0;0;A
9003359;ILAX 10G SACH B/20;2520;1670;0;0;
9003365;ILAX 4G SACH B/20;1505;997;0;0;
9003543;RHUVEX 500/200/25MG AD GR SUSP BUV SACH8;1515;1003;0;0;
9023273;AMUSTIL CREME TB 30G;2935;1943;0;0;
9464244;DEPIWHITE ADVANCED CR DEPIG T/40ML;16330;10946;0;4;
9669549;POUXIT XF EXTRA FORT ANTIPOUXLOT/100ML;8895;5962;0;4;
2039093;NO SPA FORTE 80MG CPR B/20;3265;2162;0;0;C
8078177;GALVUS 50MG CPR B/28;10095;6686;0;0;A
8078208;EXFORGE HCT FCT 10MG/160MG/25MG CPR B/28;21820;14448;0;0;A
8078243;EXFORGE HCT FCT 10MG/160MG/12,5MG CPR/28;21820;14448;0;0;A
8078272;BRIMO 0,2% COLL F/5ML;8405;5564;0;0;A
8078697;FLUCA COLL F/5ML;4200;2782;0;0;
8078792;OPTIFRESH COLL F/10ML;2480;1642;0;0;
8078823;OPTIDEX-T COLL F/5ML;2795;1852;0;0;A
8078881;XOLA COLL F/5ML;7715;5108;0;0;A
8078898;XOLAMOL COLL F/5ML;10415;6896;0;0;A
8082807;ZERODOL P CPR 3BL10;6200;4105;0;0;C
8084195;ARTEFAN 20/120MG CPR DISP B/6;800;529;0;0;A
8085970;METFORMIN DENK 1G CPR B/30;2975;1970;0;0;
8086171;ZERODOL 200MG CR CPR LP 1BL10;3995;2645;0;0;C
8086202;ZERODOL P CPR 1BL10;2205;1459;0;0;C
8306566;CELLIFLORE VENTRE PLAT SACH B/20;2820;1888;0;4;
8086975;ACIDE FOLIQUE CREAT 5MG CPR B/30;1790;1186;0;0;
8087555;PROKEFEN 100MG SUPPO B/10;1680;1112;0;0;C
8307347;STERILINE SOL ANTISEPT F/250ML;1995;1317;0;0;
8087845;LOBAK CPR B/10;1145;756;0;0;C
8307790;SOLUTAN C SOL BAIN BCHE F/125ML;1320;872;0;0;
8088069;TRIBUTINE 0,787% SOL BUV F/250ML;2685;1779;0;0;C
8088075;BIDONTOGYL 1,5MUI/250MG CPR B/15;5165;3420;0;0;A
8088098;CLARTEC 5MG/5ML SP F/120ML;3445;2280;0;0;C
8088135;PEVAGINE 150MG OV B/3;2685;1779;0;0;
8089407;HARMONIA 150MG SUSP INJ F/1ML+ AIG /1;1100;727;0;0;A
8308915;ECLADERMA CLASSIC LOT PURIFIANTE F/125ML;2225;1426;0;4;
8089695;ZAMOX 1000MG/125MG SACH B/12;5235;3466;0;0;A
8089703;ZAMOX 1000MG/125MG SACH B/16;6270;4150;0;0;A
8089732;ZAMOX 500MG/62,5MG SACH B/12;3650;2417;0;0;A
8090267;FIXIM 100MG/5ML PDRE SUSP BUVF/60ML;6610;4378;0;0;A
8090391;MYCOLEX 2% CR T/20G;1170;775;0;0;A
8090445;ANTALGEX-T 37,5MG/325MG GEL B/20;1970;1304;0;0;
8091166;CA C 1000 CPR EFFV ORANGE B/10;2245;1487;0;0;
8091189;FLEXDOL CPR B/10;1970;1304;0;0;C
8091433;ZYLTAN H 50/12,5MG B/30;6475;4287;0;0;A
8091522;DOLYC 1G CPR PELL B/10;840;556;0;0;
8091628;MICAZOLE GEL ORAL T/20G;1445;958;0;0;A
8091752;VOVGEL GEL T/30G;1720;1140;0;0;C
8091769;ACLIN GEL T/15G;3195;2116;0;0;A
8092065;METRODEX 500MG CPR B/20;2095;1384;0;0;A
8092473;CYPON SP F/200ML;3360;2220;0;0;
8092875;CLAVAM ENF 562,5MG PDRE SUSP BUV F/60ML;3815;2527;0;0;A
8092881;CLAVAM NN 281,25MG PDRE SUSP BUV F/60ML;3525;2335;0;0;A
8092906;CLAVAM 1125MG CPR PELL B/12;6295;4168;0;0;A
8312035;PRENAN LAIT PDRE B/400G;5895;4920;0;1;
8094466;RELAXON 250MG/300MG GEL B/30;3360;2226;0;0;C
8094704;FLUKOCIN 500MG GEL B/20;3720;2463;0;0;A
8317328;SUPERWHITE KIDS SMILY BROSS DENT ENF B/1;1550;1038;0;4;
8096092;FEBRILEX CPR POCH/4 BL/50;21005;13910;0;0;
8097571;FLUGEN 100MG CPR B/10;2755;1824;0;0;A
8097594;BONCIPRO 0,3% GTTE US EXT F/5ML;2065;1368;0;0;A
8097849;R-LUME 80/480MG CPR B/6;2755;1824;0;0;A
8098346;GENPAR 1% PERF INJ 1000MG F/100ML;1380;912;0;0;
8319787;ECLADERMA CLASSIC SAV ANTISEPT 225G;1020;653;0;4;
8099601;SOCLAV 500MG/62,5MG SACH B/16;6075;4022;0;0;A
8095112;SOCLAV 100MG/12,5MG PDRE SUSPBUV/30ML;3265;2162;0;0;A
8095129;SOCLAV 100MG 12,5MG/ML F/60ML;3855;2554;0;0;A
8099771;FERAMALT 100MG GEL B/20;5440;3593;0;0;
8113867;GENTA 0,3% GTTE COLL F/5ML;1380;912;0;0;A
8000175;EXFORGE FCT 5/80MG CPR PELL B/28 R73;21820;14448;0;0;A
8000413;ARTESUN 60MG PDRE SOL INJ B/1;1720;1139;0;0;C
8000465;FLUCONA DENK 150MG GEL B/1;1515;1003;0;0;A
8000525;APPETINE VIT SP F/100ML;2615;1733;0;0;
8000531;SECUFEM 1,5MG CPR B/1;2615;1733;0;0;
8000583;AMLOPERIN 10MG/10MG CPR B/30;12400;8209;0;0;A
8000620;AMLOPERIN 5MG/5MG CPR B/30;8060;5336;0;0;A
8323139;PRESERV DOMINO NERVURE PERLE ANATOMIQ/6;870;731;0;0;
8328527;EXCLUSIVE FAIR&WHITE CR F/50ML;3925;2695;0;4;
8004078;RICHFER PLUS SP F/200ML;3445;2280;0;0;
8004121;CLOFAINS 500MG/50MG CPR B/10;965;638;0;0;C
8004345;TRAMADOL DENK 50MG CPR EFFV B/10;2615;1733;0;0;A
8004368;ACTINAC PLUS 100MG/500MG CPR 1BL10;1995;1323;0;0;C
8004629;SOCLAV 1G/125MG PDRE SUSP BUVSACH B/16;7975;5281;0;0;A
8332569;SEBIUM NETT PURIF GEL MOUSS T/200ML;8985;5659;0;4;
8004718;GALVUS MET FCT 50/1000MG CPR PEL B/30;10095;6686;0;0;A
8004724;GALVUS MET FCT 50/500MG CPR PEL B/30;10095;6686;0;0;A
8332606;LEVO TEST DE GROSSESSE;1440;1160;0;0;
8005296;ARTRINE 80/480MG CPR B/6;2375;1570;0;0;A
8005451;TONLUM 80/480MG CPR B/6;2615;1733;0;0;A
8005770;DOLIMEX MIGRAINE CPR EFFV B/16;1570;1040;0;0;
8005793;TRACEDOL 37,5MG/325MG CPR EFFV B/16;3305;2189;0;0;A
8005801;DECODERM TRI 25MG/500MG CR T/25G;4475;2964;0;0;A
8005824;VERRUMAL 0,5G/10G/8G SOL F/13ML;4475;2964;0;0;A
8006717;BIBLOC 5MG CPR PELL B/30;2755;1824;0;0;A
8007504;FEDATE GEL B/30;2550;1687;0;0;C
8007680;ALMAX FORTE 1,5G SUSP BUV SACH B/30;4410;2919;0;0;
8415396;EFFERALGAN CODEINE CPR PELL B/16;2165;1432;0;0;A
8007852;FEROGLOBIN B12 GEL B/30;6955;4662;0;4;
8008136;POLYFRESH COLL F/10ML;3595;2381;0;0;
8335450;OCUGUARD GEL B/20;4770;3274;0;4;
8008308;HEMOFER SUSP BUV F/200ML;1995;1323;0;0;
8008509;LARITEM 60/360MG CPR B/6;1930;1277;0;0;A
8008544;OVUMIX OVULES VAG B/6;3445;2280;0;0;A
8008567;ACENLAND 100MG CPR B/10;1570;1040;0;0;C
8008573;ACENLAND-P 100/500MG CPR B/10;1885;1250;0;0;C
8008604;PLUFENTRINE 20/120MG CPR DISPB/6;840;556;0;0;A
8008610;PLUFENTRINE 80/480MG CPR B/6;2300;1523;0;0;A
8008633;PLUFENTRINE 40/240MG CPR DISPB/6;1475;976;0;0;A
8008679;RABETOK-D 20/30MG GEL B/30;7630;5053;0;0;C
8008722;SANIVER 400MG CPR B/1;415;274;0;0;C
8008780;TAXIM O 200MG CPR B/10;6805;4506;0;0;A
8009590;GENSET 10MG CPR B/30;2480;1642;0;0;C
8009868;UMEXIM 200MG GEL B/10;4300;2846;0;0;A
8010222;INTERCEF 100MG/5ML PDRE SUSP BUV F/30ML;1655;1095;0;0;
8010251;INTERCEF 100MG CPR B/10;1500;994;0;0;A
8010274;SHIBUDAL GEL B/30;2260;1496;0;0;C
8010297;MUCOVENT PLUS SP/100ML;1310;867;0;0;
8010423;LUFAMET DS 80MG/480MG CPR B/6;2300;1523;0;0;A
8011233;SPASMOMEN 40MG CPR B/30;6280;4159;0;0;
8011552;SPASMO-APOTEL 500MG/10MG CPR PELL B/20;3855;2554;0;0;A
8011606;SPASMO-APOTEL 800MG/10MG SUPPO B/5;2615;1733;0;0;A
8339034;PRIMALAC PREMIUM 3 LAIT PDRE B/400G;5520;4607;0;1;
8339040;PRIMALAC PREMIUM 2 LAIT PDRE B/400G;5520;4607;0;1;
8339057;PRIMALAC PREMIUM 1 LAIT PDRE B/400G;5520;4607;0;1;
8339063;PRIMALAC AC 0-12 MOIS LAIT PDRE B/400G;6095;5086;0;1;
8339086;PRIMALAC AR 1 LAIT PDRE B/400G;7820;6528;0;1;
8339092;PRIMALAC AR 2 LAIT PDRE B/400G;7820;6528;0;1;
8011701;LATANO COLL 0,005% F/2,5ML;10495;6950;0;0;A
8013686;ALTRIM FORTE 960MG CPR B/9;1715;1132;0;0;A
8013700;CONASEC CR T/15G;1240;821;0;0;A
8013717;DERMIA D CR T/30G;2480;1642;0;0;A
8341120;NIVEA LAIT HYDR RAFFERM Q10 F/250ML;2655;1821;0;4;
8014237;ALBENDAZOLE TM 400MG CPR B/1;420;278;0;0;C
8014355;GENTAMICINE TM 0,3% COLL F/5ML;695;459;0;0;A
8014390;METRONIDAZOLE TM 500MG CPR B/20;950;629;0;0;A
8014415;PARACETAMOL TM 500MG CPR B/20;295;194;0;0;
8015194;ARTEMETHER TM 80MG INJ AMP 1ML B/6;4200;2782;0;0;A
8015610;GRIPEX PDRE SUSP BUV SACH B/10;2700;1788;0;0;
8015975;FEREMI SP F/200ML;2340;1551;0;0;
8016472;SOLFER SP F/200ML;2840;1879;0;0;
8016638;AUROTHER 80MG/480MG CPR B/6;1830;1213;0;0;A
8017230;BILAXTEN 20MG CPR B/10;4300;2846;0;0;C
8017402;ANDOL 1000MG CPR EFFV B/8;1045;693;0;0;
8017454;FLATORIL 0,5MG/200MG GEL B/45;4820;3192;0;0;
8017715;SWICH 200MG CPR PELL 1BL10;7850;5199;0;0;A
8017721;ALBENTOX 400MG SUSP BUV F/15ML;825;547;0;0;
8018057;LUFENART FORTE 80/480MG CPR B/6;2220;1469;0;0;A
8348346;FAIR&W GOLD CR REVELATRICE 50ML;3755;2577;0;4;
8348352;FAIR&W GOLD CR CLARTE ABSOLUE200ML;16480;11311;0;4;
8348375;FAIR&W GOLD LAIT REVELATEUR 500ML;11580;7949;0;4;
8348381;FAIR&W GOLD GEL CR SPECIFIC 30ML;3755;2577;0;4;
8348398;FAIR&W GOLD LAIT MAXI TONE 350ML;10270;7050;0;4;
8348406;FAIR&W GOLD LAIT PRECIEUX HYDR 500ML;12655;8685;0;4;
8019080;SERUM ANTITETANIQ TETAVIN 1500UI/ML B/1;4960;3284;0;0;
8020315;NORMIX 200MG CPR PELL B/12;5235;3466;0;0;
8020321;MECLON 500MG/100MG OVULES VAGB/10;4820;3192;0;0;A
8020373;SOLEXIM 200MG CPR B/10;4435;2937;0;0;A
8351928;KIDOO MULTIVIT SP ENF F/120ML;3750;2573;0;4;
8352253;GESTANE GROSSESSE CAPS B/30;5430;3726;0;4;
8021243;CEFIXIME SP 200MG CPR PELL SEC B/10;5425;3594;0;0;A
8021639;AMOXICLAV DENK 1000/125MG SACH B/12;6750;4469;0;0;A
8352810;EOL LUMINESCENCE ECLAIRC LAITF/250ML;4365;2994;0;4;
8352879;FRANCE LAIT DIASTASE CEREALESB/250G;2090;1763;0;1;
8022219;ARTESUN 120MG PDRE SOL INJ B/1;3060;2025;0;0;C
8022343;FLUDOL EXPECTORANT SP F/120ML;3030;2007;0;0;
8022484;VIKVIT-C 1000MG CPR EFFV B/20;2095;1386;0;0;
8022975;FEKEY 33MG/1,50MG/7,5MCG/1,5MG SP F200ML;2550;1687;0;0;C
8023087;CETIX 10MG CPR A SUCER B/7;1765;1168;0;0;C
8023294;COMBIART 80MG/480MG CPR SEC B/6;2205;1460;0;0;A
8353442;AC NET LOTION MEDICALE F/125ML;4365;2994;0;4;
8023561;PANTOPRAL D 40MG/30MG CPR B/30;8125;5381;0;0;C
8023785;VAGIMILT CAPS VAG B/7;3445;2280;0;0;A
8023928;NEUTROCOLD 2MG/5MG/30MG/500MGCPR B/100;6890;4561;0;0;
8023934;NEUTROCOLD 125MG/2,5MG/1MG SPF/100ML;1170;775;0;0;
8023957;ALLERGUS 5MG CPR PELL B/15;3155;2089;0;0;C
8024098;FONGICIL 1% CR T/30G;1790;1186;0;0;
8024709;ARTEFAN 60/360MG CPR B/6;2135;1414;0;0;A
8024715;ARTEFAN 40/240MG CPR B/6;1720;1140;0;0;A
8025330;ALBENTOX 400MG CPR B/3;1445;958;0;0;C
8025459;BETASTENE 0,05% SOL BUV F/30ML;3100;2052;0;0;A
8025471;ALFAMOX 1G PDRE SUSP BUV SACHB/14;3720;2463;0;0;A
8025488;ALFAMOX 500MG PDRE SUSP BUV SACH B/14;2615;1733;0;0;A
8025494;ALFAMOX 250MG/5ML PDRE SUSP F/100ML;1930;1277;0;0;A
8025525;DICLO PHARMA5 100MG SUPPO B/10;2275;1505;0;0;C
8025583;MACROMAX 200MG/5ML PDRE SUSP BUV F/30ML;5855;3877;0;0;A
8025614;MACROMAX 500MG CPR B/3;6200;4105;0;0;A
8025904;CEFIDIS 200MG CPR B/10;7285;4825;0;0;A
8026884;PANTONEX DR 40MG CPR B/30;5235;3466;0;0;C
8026890;ACEFYL SP F/120ML;1185;784;0;0;
8027139;NATRIXAM 1,5/5MG CPR B/30;7920;5245;0;0;C
8027151;NATRIXAM 1,5/10MG CPR B/30;8955;5929;0;0;C
8027375;AVAS 40MG CPR PELL SEC B/30;10495;6950;0;0;A
8357776;PHYTOPHAR SAVON BIOGOMMANT PAIN 150G;2245;1438;0;4;
8028067;DUOTRAV BAK FREE COLL F/2,5ML;20430;13527;0;0;A
8359350;MAGNES DIRECT DENK PDRE SACH B/30;6100;4188;0;4;
8033358;BIMALARIL PLUS 80/480MG GEL MOLLE B/6;3400;2253;0;0;A
8033482;BIMALARIL 40/240MG ENF CPR DISP B/6;2370;1569;0;0;A
8033789;BIMALARIL 60/360MG GRD ENF CPR DISP B/6;2725;1806;0;0;A
8360695;FENUGREC VZ SP F/150ML;2605;1746;0;4;
8035995;PLASMOCID 80MG/480MG CPR B/6;1770;1168;0;0;A
8036552;TRADOLAN 50MG CPR PELL B/20;1460;967;0;0;
8036836;TRADOLAN LP 150MG CPR PELL B/20;3940;2609;0;0;
8363558;JUVAMINE MONO MG+VITB6+VITB2 CPR EFFV/15;2355;1578;0;4;
8043859;LYATER 80/480MG CPR B/6;2100;1391;0;0;A
8043865;LYATEM 80MG/ML IM SOL INJ AMP/1ML B/6;3045;2016;0;0;A
8046740;TELMIS-A 40MG/5MG CPR B/28;9655;6394;0;0;A
8152270;TELMIS-A 80MG/5MG CPR B/28;12975;8592;0;0;A
8048880;TELMIS-A 80MG/10MG CPR B/28;15275;10115;0;0;A
8050457;ABZ 200MG/5ML SUSP BUV F/10ML;675;447;0;0;C
8050782;MO-FLOREN COLLYRE F/5ML;3625;2399;0;0;
8050799;NOSIC CPR B/10;1985;1313;0;0;
8053119;FLURIFEN 100MG CPR PELL B/15;2755;1824;0;0;
8053728;TOCFIM 200MG CPR DISP B/10;3445;2280;0;0;
8057459;HEMAFER 50MG/5ML SP F/125ML;3305;2189;0;0;
8057583;RINIALER 1MG/ML SOL BUV F/120ML +SER/5ML;5660;3749;0;0;C
8057666;RINASAN AD 0,1% SPR NAS F/10ML;1060;702;0;0;
8057689;RINASAN ENF 0,05% SPR NAS F/10ML;1060;702;0;0;
8057790;CHINTHER 80MG/480MG CPR B/6;2355;1560;0;0;
8058476;JUVAMINE MONO VIT C 1000MG CPR EFFV B/15;2175;1441;0;0;
8058507;JUVAMINE FIZZ MONO GOLD CPR EFFV B/15;3060;2051;0;4;
8058849;LUMITER DS 80MG/480MG CPR B/6;2135;1414;0;0;A
8368366;PRIMALAC LF S/LACT 0-12MOIS LAIT PDR400G;5440;4584;0;1;
8059033;OFIKEN 200MG CPR PELL SEC B/16;6200;4105;0;0;A
8059056;OFIKEN 100MG/5ML PDRE SUSP BUV F/60ML;5785;3831;0;0;A
8059300;TRIPLIXAM 5MG/1,25MG/5MG CPR B/30;15840;10489;0;0;A
8059346;TRIPLIXAM 10MG/2,5MG/10MG CPRB/30;23420;15506;0;0;A
8059694;AMLO VH 10MG/12,5MG/160MG CPRB/30;16530;10945;0;0;A
8059777;HEXIDINE BAIN BCHE F/160ML;1625;1076;0;0;
8059820;MUCOPAIN GEL BUCCAL T/15G;1035;684;0;0;
8060036;DRENOXOL 30MG/10ML SP F/200ML;3100;2052;0;0;
8060065;ALGESIC 500MG CPR SEC B/20;455;301;0;0;
8060125;ALLERGUS 0,5MG/ML SP F/150ML;4820;3192;0;0;C
8060131;ALGESIC 1000MG CPR SEC B/8;825;547;0;0;
8060154;ALGESIC EXTRA 500/65MG CPR PELL SEC B/16;1100;730;0;0;
8060651;FERPLEX 40MG SOL BUV F/15ML B/10;6060;4013;0;0;
8060711;IBUPROFENE GH 100MG/5ML SUSP BUV/200ML;1570;1040;0;0;
8060740;SALBUTUS 2MG/5ML SOL BUV F/200ML;2065;1368;0;0;A
8060757;GENFORTE 100MG/125MG SUSP BUVF/120ML;1255;830;0;0;C
8060786;AZITHRO 500MG GEL B/3;4410;2919;0;0;A
8061099;SYNRIAM 150MG/750MG CPR B/3;3045;2016;0;0;A
8061248;NECTRAM 1G PDRE SOL INJ IM/IV+ SOLV F/1;1670;1105;0;0;A
8061277;FIXINECT 200MG CPR PELL SEC B/10;3520;2325;0;0;A
8061739;CHOCOFER 50MG/0,5MG SP F/200ML;3775;2499;0;0;
8062331;CLOMIFEX 50MG CPR B/10;5510;3648;0;0;A
8062578;SITRUS SR CPR B/30;3445;2280;0;0;
8065648;CO ALGESIC 500/30MG CPR PELL SEC B/16;1900;1259;0;0;
8065996;CALGEN 500MG/250UI CPR B/30;3445;2280;0;0;
8066033;GENACID SUSP BUV F/200ML;1380;912;0;0;
8066062;DESLORATADINE GH 5MG CPR B/15;3100;2052;0;0;C
8066079;ARTRIM GH 80MG/480MG CPR B/6;2685;1779;0;0;A
8066151;GASPRAL 20MG GEL B/15;2850;1888;0;0;C
8079774;VITAFER FORTE SP F/200ML;3580;2372;0;0;
8066398;RBC F 100MG/0,35MG CPR CROQ B/30;1885;1250;0;0;
8066837;GLIM FORTE 800MG/80MG CPR SECB/30;6890;4561;0;0;A
8067392;NEUTROPAR 1000MG SOL INJ F/100ML;1255;830;0;0;
8068138;DESLORA-DENK 5MG CPR PELL B/10;2205;1459;0;0;
8068569;PALUVA 80MG/480MG CPR ENR SECB/6;1720;1140;0;0;A
8068598;PALUVA 40MG/240MG CPR ENR SECB/6;1500;994;0;0;A
8068724;CURAM 100/12,5MG/ML NN PDR SUSP BUV/30ML;2560;1697;0;0;
8068747;CURAM 100/12,5MG/ML ENF PDR SUSP BUV60ML;4545;3010;0;0;
8380953;GALIPETTE BABY LAIT F/500ML;2250;1660;0;4;
8380999;GALIPETTE BABY BAIN MOUSSE F/500ML;2070;1526;0;4;
8068807;FEBRILEX 125MG/1MG/5ML JR SP F/150ML;1710;1131;0;0;
8069221;DIANTALEX 500MG/250MG/50MG CPR SEC B/10;1240;821;0;0;C
8069362;PREDNI 20MG COOPER CPR SEC EFFV B/20;3250;2153;0;0;A
8385531;OSTEOCARE CPR B/30;6690;4354;0;4;
8386909;IMMUN ACTIVE DENK GR STICK B/20;6395;4388;0;4;
8070431;ARTESUN 30MG PDRE SOL INJ B/1;965;638;0;0;A
8070603;ARTEGEN 60MG IM/IV PDRE SOL INJ B/1;1380;912;0;0;A
8072482;LUMETER 80MG/480MG CPR B/6;2050;1359;0;0;
8072499;T VAGIMYCIN 100MG/200MG/200MGOV B/3;4270;2828;0;0;A
8072559;KETOCON 2% SH F/75ML;2050;1359;0;0;A
8072565;KETOCON 2% CR T/15G;1045;693;0;0;
8072588;ICLOF GEL T/30G;935;620;0;0;
8073122;INTERCEF 200MG CPR PELL B/10;3635;2408;0;0;A
8388156;VITASUCRE ENRICHI EN MORINGA PDRE B/400G;2225;1528;0;4;
8388162;VITASUCRE ENRICHI EN MORINGA PDRE B/800G;4270;2932;0;4;
8074340;KETOPROFEN GH 100MG SUPPO B/12;1720;1140;0;0;C
8074995;T-DOL RAPID 50MG CPR DISP B/10;2340;1551;0;0;A
8075090;FLUDOL DM SP F/120ML;2410;1596;0;0;
8075115;FLUDOL P+ 5MG/1MG/120MG SP F/120ML;1655;1095;0;0;
8075339;T MEDAZOL 500MG CPR SEC B/2;690;456;0;0;C
8075701;ACYCLOVIR DENK 5% CR T/7G;4685;3101;0;0;A
8389523;FAIR&W GOLD GEL DCH EXFOL F/940ML;7180;4928;0;4;
8076698;GENCLOBEN 1MG/0,5MG/10MG CR T/30G;3690;2444;0;0;
8077781;QUINTANA 5MG CPR B/14;2480;1642;0;0;A
8077806;QUINTANA 10MG CPR B/14;3995;2645;0;0;A
8391299;SAVON SAINT JEAN LAURENT PAIN/200G;1445;992;0;4;
8078065;TRAMAPA 37,5MG/325MG CPR SEC B/20;1845;1222;0;0;A
8078119;DYNAPAR QPS 4% SPR F/30ML;5880;3895;0;0;C
8392867;UNIMER SERUM PHYSIOLOGIQUE DOSE/5ML B/50;4150;2782;0;4;
8393312;PRESERVATIF COMPLICE B/3;150;126;0;0;
8079739;CEFIX 200MG CPR B/10;4960;3284;0;0;A
8080168;ASPIRIN CARDIO CPR GASTRO RESIST B/30;1900;1259;0;0;
8080441;DYLDES 5MG CPR B/15;3720;2463;0;0;A
8080990;SOFTDROPS COLL F/10ML;2480;1642;0;0;
8081050;FIXIM 100MG/5ML PDRE SUSP BUVF/40ML;5855;3877;0;0;A
8081127;RICHFER GEL B/30;2755;1824;0;0;
8081162;NASO GH 0.10% GTTE F/10ML;1350;894;0;0;
8081765;LUFAR 80MG/480MG CPR B/6;2720;1796;0;0;A
8396061;ECLADERMA CLASSIC AHA ACIDE FRUIT/125ML;3340;2139;0;4;
8082486;DUOQUIN 40MG/320MG CPR PELL B/9;2480;1642;0;0;A
8082552;VERGO 400MG CPR B/1;900;594;0;0;C
8082581;PALUMAX 40MG/240MG CPR DISP B/6;2000;1320;0;0;A
8082612;PALUMAX 80MG/480MG CPR DISP B/6;2500;1651;0;0;A
8397103;CLARIAN SAV GOMMANT PAIN/150G;1750;1235;0;4;
8083675;EURARTESIM 320MG/40MG CPR B/9;3580;2372;0;0;A
8084060;CEFAXE 200MG CPR PELL B/12;4515;2990;0;0;A
8397617;BOBINE THERMIQUE 80X80MM B/50;0;76009;0;4;
8084350;GLIDE LP 60MG CPR B/30;7785;5153;0;0;
8084568;KEOZOL 2% CR T/30G;1365;903;0;0;
8084634;SANOZOL 400MG CPR PELL B/3;1170;775;0;0;C
8084663;ACURE 80MG/480MG CPR B/6;2065;1368;0;0;A
8084686;ACURE 20MG/120MG NN PDRE SUSPBUV F/30ML;1515;1003;0;0;A
8084841;ACURE 40MG/240MG ENF PDR SUSPBUV F/30ML;1995;1323;0;0;A
8398019;JUVAMINE MONO 3C CPR EFFV B/15;2065;1368;0;0;
8085148;DOLOGAN DENK 250/200/50MG CPRPELL B/20;2410;1596;0;0;
8398166;SO WHITE F&W GEL DCHE EXFOLIANT F/940ML;9930;6817;0;4;
8085183;ARTRIM GH 20MG/120MG CPR B/6;690;456;0;0;A
8085214;ARTRIM GH 40MG/240MG CPR B/6;1790;1186;0;0;A
8095572;GVIA-M 50MG/1000MG CPR PELL B/60;16805;11128;0;0;A
8415999;SPASMOSYL 150MG SUPPO B/10;2065;1368;0;0;
8416326;ALEMONT  5MG/10MG CPR PELL B/10;1045;693;0;0;
8399214;FAIR&W GOLD SAV ARGAN EXFOLIANT PAIN200G;4375;3004;0;4;
8399272;FAIR&W SO CARROT SAV GOMMANT PAIN/200G;4375;3004;0;4;
8399289;FAIR&W SO CARROT HLE ECLAIC F/300ML;7990;5484;0;4;
8416467;RHINOPAROL 650MG/10MG/4MG CPRPELL B/20;2615;1733;0;0;A
8416591;ACURE60MG/360MG ADO PDRE SUSPBUV F/30ML;2065;1368;0;0;A
8416740;ES-ULCIZONE 40MG CPR B/14;5095;3375;0;0;A
8500736;DRS SECRET BIO HERBS COFFEE SACH B/8;11010;9135;0;0;
8419997;DOXY 200MG CPR B/8;2340;1551;0;0;A
8417001;MEDICLAV 500MG/62,5MG PDRE SACH B/12;4355;2882;0;0;A
8417018;MEDICLAV 100MG/12,5MG PDRE SUSP BUV/60ML;3030;2007;0;0;A
8417024;MEDICLAV 1000MG/125MG PDRE SACH B/12;5165;3420;0;0;A
8417320;APDROPS DX COLL F/3ML;3790;2508;0;0;A
8417515;APRAMOL 1G CPR EFFV B/8;1240;821;0;0;
8417946;PALUCURE DT 20MG/120MG CPR DISP B/6;675;447;0;0;A
8417952;PALUCURE 80MG/480MG CPR SEC B/6;2135;1414;0;0;A
8417969;BACTOXIME DT 200MG CPR PELL B/10;4765;3156;0;0;A
8418118;PREGNON 1,5MG CPR B/1;1015;671;0;0;A
8418294;MALACUR 40MG/320MG CPR B/12;3855;2554;0;0;A
8504289;TASIL-H SP F/100ML;1850;1306;0;4;
8418443;PALUVA 80MG SOL INJ AMP/1ML B/6;2700;1788;0;0;A
8418704;RAPIDEX 250MG/5MG/2,5MG SUSP BUV F/100ML;1310;867;0;0;C
8504705;NATUREX SP F/100ML;2065;1368;0;0;
8422574;CYCLOPAM CPR B/10;2095;1386;0;0;
8422781;ACLAV 1G/125MG SACH B/16;7785;5153;0;0;A
8422798;ACLAV 500MG/62,5MG SACH B/16;7165;4743;0;0;A
8512030;NAN OPTIPRO 3 LAIT PDRE B/400G;4185;3492;0;1;
8423131;DAFLON 1000MG CPR PELL B/30;9850;6522;0;0;
8423326;DEXACYL-Z 4MG IM/IV SOL INJ AMP/1ML B/10;4950;3278;0;0;A
8423349;AFINE 500MG CPR PELL SEC B/80;5635;3731;0;0;
8423390;CURAM 500MG/62,5MG CPR ENR B/16;4960;3284;0;0;
9999041;PHYTORAL 2% PDE T/15G;3070;2034;0;0;A
8423757;RENERVE P GEL B/30;9645;6385;0;0;A
8423792;TREBON-N 600MG GR SOL BUV SACH B/8;2480;1642;0;0;
9999951;XALATAN 0,005% COLL F/2,5ML;19105;12651;0;0;A
8423993;HALIBUT 150MG PDE T/100G;2755;1824;0;0;
8424627;PREGASAFE 75MG GEL B/30;9065;6002;0;0;A
8424633;DISMIGRAS 10MG CPR PELL B/30;4820;3192;0;0;A
8424656;OFLAB OZ 200MG/500MG CPR B/10;2205;1459;0;0;
8516045;NAN OPTIPRO 1 LAIT PDRE B/400G;4675;3905;0;1;
8425236;CEFOLAC 200MG CPR PELL B/8;3925;2600;0;0;A
8425437;XYKAA EXTEND 1000MG CPR B/20;3030;2007;0;0;
8425489;DYNAPAR 50MG/500MG CPR B/20;1790;1186;0;0;
8425503;OXYTROY 5UI/ML SOL INJ AMP/1ML B/3;1170;775;0;0;
8425526;T-DOL P RAPID 37,5MG/325MG CPR B/10;2480;1642;0;0;
8425578;L GEST 1,5MG CPR B/1;1170;775;0;0;A
8518251;TEST DE GROSSESSE BABYCHECK STYLO B/1;1000;806;0;0;
8427413;TRIFENE 400MG CPR PELL B/20;1655;1095;0;0;
8427459;BRUZO 400MG/325MG CPR B/10;590;392;0;0;C
8427471;AMFOCIN 1G/125MG PDRE SUSP BUV SACH B/12;6295;4168;0;0;A
8427985;COMBIFLOX 200MG/500MG CPR PELL B/10;4750;3147;0;0;
8428499;INDOFER SP F/200ML;2615;1733;0;0;
8428944;DESYREL SUSP BUV F/200ML;2755;1824;0;0;
8428950;DESLORATADINE-GH 0,5MG SUSP BUV F/60ML;1750;1158;0;0;C
8428973;VERGO 4% SUSP BUV F/10ML;900;594;0;0;C
8429010;APPITOR SP F/100ML;2200;1453;0;0;
8521460;AC NET SAV MEDIC PAIN/250G;1310;898;0;4;
8521483;AC NET LAIT ANTISEPTIQUE F/250ML;3710;2545;0;4;
8521508;AC NET LOTION FLORALE F/125ML;2835;1946;0;4;
8521514;COUP DECLAT SAV GOMMANT PAIN/250G;1200;823;0;4;
8521520;COUP DECLAT LOTION PURIFIANTE F/125ML;2835;1946;0;4;
8521537;COUP DECLAT LAIT HYDR ECLAIRF/250ML;3270;2246;0;4;
8429056;AMADAY PL 10MG/8MG CPR B/30;9985;6613;0;0;A
8429085;AMADAY PL 5MG/4MG CPR B/30;8610;5701;0;0;A
8429168;LIDOCAINE UBI 2% SOL INJ F/20ML;1170;775;0;0;
8429323;NORNET 1,5MG CPR B/1;985;651;0;0;A
8429375;N T TUS SP F/100ML;2650;1775;0;4;
8430591;EXXIB 200MG CPR B/10;2755;1824;0;0;A
8430616;FERROFIT SP F/200ML;1305;860;0;0;
8430639;METROL 125MG/5ML SUSP BUV F/120ML;1050;693;0;0;A
8430697;PLASMINAL 80MG/480MG CPR SEC B/6;1970;1301;0;0;A
8526718;PESE PERSONNE OMRON BLACK B/1;32720;22460;0;4;
8431432;YODOCEFOL 200MCG/400MCG/2MCG CPR B/28;2755;1824;0;0;
8431780;BRUSTAN GEL T/50G;2095;1386;0;0;C
8431805;DUOTEM 40MG/320MG CPR B/9;3680;2435;0;0;A
8432615;PERISPASM 80MG CPR ORODISP B/10;1655;1095;0;0;
8432621;PERISPASM 80MG CPR ORODISP B/30;3580;2372;0;0;
8433112;ZENCOFER 50MG/5MG SP F/200ML;3000;1982;0;0;
8433431;HEMAX 4000UI/ML LYOPH SOL INJSER PRER/1;15130;14324;0;0;A
8433537;PARIB C 500MG/400MG CPR B/10;910;602;0;0;
8433661;DYNAPAR QPS 4% SOL EXT SPR F/15ML;3100;2052;0;0;C
8092496;DOLYC 500MG CPR PELL B/20;635;420;0;0;
8434850;GYFLORINE 500MG/100MG/150UI OV VAG B/6;4410;2919;0;0;A
8434962;RINOGRIP GR SOL BUV SS SACH B/10;2550;1687;0;0;
8435111;GENTOVIR 300MG CPR PELL B/30;7575;5017;0;0;A
8546454;NONDOLYSS ARGILE VERTE PDRE BUV SACH/90G;1270;873;0;4;
8546460;NONDOLYSS ARGILE VERTE PDRE BUV B/120G;1365;935;0;4;
8549530;DRS SECRET BIO HERB EXTRACT SACH/6;9185;7623;0;0;
8435938;VITAPLEX SP F/200ML;2400;1585;0;0;
8435944;KLAMAGEL GEL MOUSSANT F/250ML;2800;2100;0;4;
8550102;BIO RITMO SOL BUV AMP/10ML B/20;4560;3131;0;4;
8551366;NIDO 1+ LAIT CROISS PDRE B/900G;6810;5686;0;1;
8436263;EFLOZIN 10MG CPR B/30;12000;7945;0;0;A
8436292;AMSTAN 5MG/80MG CPR PELL B/30;11500;7616;0;0;A
8436317;AMSTAN 10MG/160MG CPR PELL B/30;15495;10261;0;0;A
8436406;PALUVA 60MG/360MG CPR B/6;1500;994;0;0;C
8436412;PALUVA PLUS 60MG IM/IV PDRE INJ F/1+SOLV;1100;730;0;0;C
8436441;METAREN 500MG CPR PELL B/20;1460;967;0;0;A
8436464;ETOREX 120MG CPR PELL B/10;5455;3612;0;0;A
8436493;TRACLAV 1000MG/125MG CPR PELLB/14;6215;4114;0;0;A
8436501;D-FLEX GEL T/30G;1310;867;0;0;C
8436642;QUINTANA 2,5MG/5ML SOL BUV F/60ML;1790;1186;0;0;
8436926;FEBREX TM 325MG/37,5MG CPR B/20;2850;1888;0;0;
8436932;NOSIC 10MG/10MG CPR GAST RES B/30;5250;3476;0;0;
8437417;NEURODOL R CAPS B/30;4135;2736;0;0;
8437481;NEUHEPTAVIT SP F/200ML;2755;1824;0;0;
8437498;OTOREX ED GTTE AURIC F/10ML;1380;912;0;0;
8437529;VISCID SUSP BUV SACH/15ML B/20;3665;2426;0;0;
8437771;GENCLAV 250/31,25MG PDRE SUSPBUV SACH12;3445;2280;0;0;
8437788;GENCLAV 500/62,5MG PDRE SUSP BUV SACH/12;4820;3192;0;0;
8437794;GENCLAV 1G/125MG PDRE SUSP BUV SACH/16;6890;4561;0;0;
8555140;ADEBA SAV HYDR CORPS KARITE PAIN/200G;2925;2006;0;4;
8555157;ADEBA SAV DX PURIF COR HLE PALM PAIN200G;2925;2006;0;4;
8555163;ADEBA SAV DX EXFOL HLE CARAPAPAIN/200G;2925;2006;0;4;
8555186;ADEBA BAUME DEMELANT CHVX NATUREL T/150G;5135;3523;0;4;
8555192;ADEBA BAUME DEMELANT CHVX DEFRISE T/150G;5135;3523;0;4;
8555200;ADEBA BAUME HYDR CORPS T/150G;5135;3523;0;4;
8555252;ADEBA HUILE SOIN CHVX NATURELF/150ML;5135;3523;0;4;
8555269;ADEBA HUILE SOIN CHVX DEFRISEF/150ML;7060;4846;0;4;
8437972;CO ARTESIANE 180/1080MG PDRE SUSP FV60ML;2205;1459;0;0;
8437989;CO ARTESIANE 360/2160MG PDR SUSP FV120ML;4270;2828;0;0;
8438629;ABZ 400MG CPR B/3;2095;1386;0;0;
8439304;SKINET CR T/50G;2410;1596;0;0;
8439333;CEFIXIM GH 100MG/5ML PDR SUSPBUV F100ML;5510;3648;0;0;
8439356;CEFIXIM GH 200MG CPR B/8;3445;2280;0;0;
8439557;SANIVER 0,4G/10ML SUSP BUV F/10ML;690;456;0;0;
8440017;ARTEFAN 20MG/120MG PDRE SUSP BUV F/30ML;1380;912;0;0;
8440023;ARTEFAN 40MG/240MG PDRE SUSP BUV F/30ML;2065;1368;0;0;
8440046;ARTEFAN 60MG/360MG PDRE SUSP BUV F/30ML;2550;1687;0;0;
8440052;ARTEFAN 80MG/480MG PDRE SUSP BUV F/30ML;2755;1824;0;0;
8440081;ARTEFAN DT 40MG/240MG CPR DISP B/6;1720;1140;0;0;
8440112;RIDMAL 80MG/640MG CPR B/6;3305;2189;0;0;
8440218;ZEROVER 500MG CPR B/1;495;328;0;0;
8440388;DUOPAL 80MG/480MG CPR B/6;1885;1250;0;0;
8440419;CEEVI 200MG CPR PELL B/10;4505;2983;0;0;
8440520;FLEXPRO EXTRA 400MG/500MG CPRB/20;3445;2280;0;0;
8440537;SPIREX PLUS 1,5MUI/250MG CPR B/20;5925;3922;0;0;
8560744;FITJOY GEL B/30;3870;2595;0;4;
8441689;FERROFIT PLUS SP F/200ML;2500;1651;0;0;
8560939;SIPTIGEL SOLUTION ANTISEPTIQUE F/250ML;2445;1875;0;4;
8441784;ARTESUPPO-100 100MG SUPPO B/6;2785;1842;0;0;
8441962;ORIXO 200MG CPR B/10;3445;2280;0;0;
8442068;DIMI GEL T/30G;1435;949;0;0;
8564423;NIVEA LAIT HYDRATATION EXPRESS F/250ML;2655;1821;0;4;
8564446;NIVEA LAIT HYDRATATION EXPRESS F/400ML;3760;2581;0;4;
8040306;OXAGRAM 500MG GEL B/24;4200;2781;0;0;A
8443151;ETIQUETTE A4 65X100MM;0;18097;0;4;
8565285;ALCOOL+ 90 F/125ML;900;602;0;4;
8565316;ALCOOL+ 90 F/250ML;1635;1096;0;4;
2035505;CEDROX 500MG PDR SIROP FL 60ML;4780;3165;0;0;A
8443547;MALVA 200MG CPR B/10;1475;976;0;0;
8443553;ASTRIAM RETARD 80MG SUSP INJ AMP/2ML B/1;4135;2736;0;0;
8444038;POSTPILL 1,5MG CPR B/1;1005;666;0;0;
8444044;MISOFEM 200MCG CPR B/4;1005;666;0;0;
8444297;TAXIM O FORTE 100MG/5ML PDR SUSP BUV60ML;4630;3065;0;0;
8444682;PARAMED 500MG CPR B/20;300;198;0;0;
8569857;GENSKIN CR EMOLL PROTECT T/250G;3910;2682;0;4;
8570352;ROGE CAV LAIT BAIN DOUCHE HYDR F/400ML;8940;6137;0;4;
8445233;DESARROL SOL BUV F/200ML;3925;2600;0;0;
8445351;DICLOCHEK 1MG/ML COLL F/5ML;2065;1368;0;0;
8570642;BRONTUSS SP F/100ML;3250;2232;0;4;
8445701;NURAVIT 4MG CPR PELL B/15;2895;1915;0;0;
8445753;OMIZ 20MG GEL B/14;3100;2052;0;0;
8445718;ALGOFENE 20MG/ML SP F/150ML;1900;1259;0;0;
8445894;DOLMUS 500MG/500MG/50MG CPR B/10;2440;1614;0;0;
8446008;FEVERLET FORTE CPR B/12;1995;1323;0;0;
8446014;SOLFER FORTE GEL B/30;2410;1596;0;0;
8446037;OFLOZOLE 200MG/500MG CPR ORALB/10;2410;1596;0;0;
8595240;PRESERV GAGNANT NATURE POCH/3;390;327;0;0;
8451179;VASTAREL LP 80MG GEL B/30;8855;5865;0;0;
8452196;CEFTRIAXONE IG 1000MG PDRE INJ B/1;1930;1277;0;0;
8452227;DIARTEM IG AD 120MG/960MG CPRB/3;3030;2007;0;0;
8452285;DOLIMEX 1G CPR EFFV B/8;1100;730;0;0;
8452291;DOLIMEX 1G PDRE SUSP BUV SACHB/8;1090;721;0;0;
8452322;DOLIMEX 300MG PDRE SUSP BUV SACH B/12;1310;867;0;0;
8452339;DOLIMEX 500MG PDRE SUSP BUV SACH B/12;1130;748;0;0;
8452842;SOLFER LITE 50MG/350MCG SP F/200ML;2670;1770;0;0;
8452977;AFINE 125MG/2,5MG/2,5MG SP F/100ML;1020;675;0;0;
8454278;PLUFENTRINE 60MG/360MG CPR DISP B/6;1995;1323;0;0;
8454321;TROFOCARD MAX 243MG GR SOL BUV STICK/12;4960;3284;0;0;
8604594;GENSKIN ECLAT CR NOURISSANTE T/250G;6465;4439;0;4;
8454611;DOLIMEX 500MG CPR EFFV B/16;1170;775;0;0;
8455906;GLUSIMET 50MG/1000MG CPR PELLB/56;13775;9121;0;0;
8455993;PLASMOCUR 80MG/640MG CPR DISPB/6;3335;2207;0;0;
8456024;ACURE 40MG/240MG CPR DISP B/6;1820;1204;0;0;
8456030;ACURE 60MG/360MG CPR DISP B/6;2275;1505;0;0;
8456308;CEXIME 200MG CPR PELL B/10;3870;2563;0;0;
8456314;CEXIME DS 100MG PDRE SUSP BUVF/100ML;3210;2125;0;0;
8456395;TERCO-560 80MG/480MG CPR PELLB/6;2615;1733;0;0;
8456478;ACELODON-P 100MG/500MG CPR PELL SEC B/10;2785;1842;0;0;
8456484;ACELODON 100MG CPR PELL B/10;2245;1487;0;0;
8457182;TENOVIR 300MG CPR PELL B/30;7000;4634;0;0;
2019334;REVITAL GEL B/30;5095;3375;0;0;
8463024;OXYTOCINE IG 5UI/ML SOL INJ AMP/1ML B/3;1335;885;0;0;
8619822;PALUDOSE SIROP F/100ML;3225;2277;0;4;
8620156;FAIR&W GLUTATHION LAIT ECLAIRC F/500ML;12970;8903;0;4;
8620162;FAIR&W GLUTATHION LAIT MAXI TONE F/350ML;10100;6932;0;4;
8463828;BONACEF 200MG CPR PELL B/10;3885;2572;0;0;
8463886;AUROMOX DUO 1G/125MG CPR PELLB/14;5770;3822;0;0;
8463892;APMALT SP F/100ML;5855;3877;0;0;
8463946;VILDARIL M 50MG/1000MG CPR B/30;7440;4925;0;0;
8466583;OTICAL SOL AURIC F/15ML;1655;1095;0;0;
8466608;ARTRINE 20MG/120MG CPR B/6;600;395;0;0;
8466614;ARTRINE 40MG/240MG CPR B/6;1320;872;0;0;
8466620;ARTRINE 60MG/360MG CPR B/6;1540;1017;0;0;
8466666;PALUCURE PLUS 80MG/480MG GEL MOLLE B/6;3305;2189;0;0;
8467648;SCIMALT-FA 125MG/0,35MG/5ML SP F/120ML;5000;3311;0;0;
2269580;FERCEFOL CPR B/30;1750;1158;0;0;
2269597;FERCEFOL SP F/150ML;1915;1268;0;0;
8626130;GEL+ GEL MAIN DESINF BLEU F/70ML;410;280;0;4;
8627750;ALCOOL+ 90 COPACI SPRAY/125ML;900;602;0;4;
8627773;ALCOOL+ 90 COPACI SPRAY/250ML;1635;1096;0;4;
8469050;ROSUTOR 10MG CPR B/30;4820;3192;0;0;
8629571;GEL+ GEL MAIN DESINF INCOLOREF/70ML;410;280;0;4;
8631119;SELENIUM ACE WALMARK CPR B/30;6000;4117;0;4;
8632219;CHAMOIS SAV CLARIFIANT PAIN/250G;1165;823;0;4;
8632225;CHAMOIS LAIT CLARIFIANT F/250ML;3835;2707;0;4;
8632254;CHAMOIS CREME VISAGE POT/100G;2920;2059;0;4;
8470142;VIVIRON PLUS SP F/250ML;3335;2288;0;4;
8470610;AZITHRO-MP 250MG GEL B/6;3690;2444;0;0;
8635330;HUILE DE RICIN COPACI F/65ML;1385;952;0;4;
8471213;EMCOF SP F/100ML;3225;2213;0;4;
8471673;ALBELA 400MG SUSP BUV F/10ML;895;593;0;0;
8471839;EXYT 400MG CPR A CROQ B/4;1195;793;0;0;
8471897;TUVERS 200MG SUSP BUV F/10ML;565;374;0;0;
8472075;MEBEN GH 100MG/5ML SUSP BUV F/30ML;825;547;0;0;
8472081;MEBEN GH 500MG CPR B/1;415;274;0;0;
8472307;PCM 120MG/5ML SP F/100ML;900;595;0;0;
8472402;CARDIOVALAM H 10/160/25MG CPRPELL B/30;13775;9121;0;0;
8637731;RA THERMOSEAL DENT RAPID ANTICARIE/100G;2500;1674;0;4;
8638179;SURETEST TEST DE GROSSESSE/1;1155;932;0;0;
8472649;ANOFEL 80MG/480MG CPR B/6;1720;1139;0;0;
8472661;APFLU 500/25/200MG PDRE SUSP BUV SACH/10;2480;1642;0;0;
8473815;FINIFAT 500MG CPR A CROQUER B/100;5250;3467;0;0;
8649208;PATE DENTIF LONGRICH THE BLANC T/200G;4400;3500;0;4;
8651240;TEST DE GROSSESSE D.VIDE STYLO B/1;1000;806;0;0;
8651257;TEST DE GROSSESSE D.VIDE CASSETTE/1;610;493;0;0;
8651961;LINGETTE LUNETTE STRATEGIX B/30;1820;1247;0;4;
8474708;PELADOL EXTRA 325MG/50MG/30MGCPR B/10;495;327;0;0;
8474720;MALAFENTRINE DS 80MG/480MG CPR B/6;1575;1043;0;0;
8474826;CO-ORIXO 200MG/500MG CPR B/10;5510;3648;0;0;
8475688;CROCILLINE DS 125MG/5ML PDR SUSP BUV60ML;770;511;0;0;
8476222;GAGNERVE P 75MG/1,5MG CPR PELL B/30;10745;7115;0;0;
8476860;PREGEX-72 1,5MG CPR B/1;995;656;0;0;
8662746;CERELAC BIB BLE CEREALES PDREB/250G;2130;1602;0;1;
8663237;GENSKIN CREME SOLAIRE ANTI-AGE T/50G;10780;7398;0;4;
8477977;MYOXERIL 10MG CPR PELL B/20;3995;2645;0;0;
8664739;VITAMAX DBL SHOT ENERG COFF PDR20G B/10;15000;10256;0;4;
8664745;VITAMAX DBL SHOT ENERG HONEY PDR20G B/10;15000;10256;0;4;
8666141;MON ETOILE SAVON ECLAIRCISSANT PAIN/200G;2500;1715;0;4;
8666218;MON ETOILE SAVON BIOMEDICAL PAIN/200G;2500;1715;0;4;
8479249;CONGHIST SP F/100ML;2065;1368;0;0;
8479278;YENDOL N 650/25/4MG PDRE SOL BUV SACH/10;3180;2107;0;0;
8479284;FERACFOL 125MG/5ML SP F/150ML;2065;1368;0;0;
8479611;CLYCIN DUO CR DERMIQUE T/20G;2885;1907;0;0;
8669926;LAIT PLUS SOL MOUSS ANTISEPT F/250ML;2500;1750;0;4;
8480287;KLINDEX-M 100MG/200MG CAPS VAG B/7;2960;1959;0;0;
8480910;HEMAFER 100MG CPR CROQ B/30;5855;3877;0;0;
8482375;CHERRY 160/5,5/1,125MG/15ML SP F/200ML;2335;1546;0;0;
8483713;ALBENDAZOLE AFRICURE 400MG CPR B/1;250;167;0;0;
8680589;FAIR&W MISS WHITE CARROT CR ECLAIRC50ML;4385;3008;0;4;
8680603;FAIR&W MISS WHITE CARROT LAIT7JRS/500ML;8470;5815;0;4;
8680626;FAIR&W MISS WHITE CARROT SAVON PAIN/200G;5110;3508;0;4;
8680632;FAIR&W MISS WHITE CARROT SER ECLAIRC30ML;5550;3809;0;4;
8680661;FAIR&W SO CARROT CR ECLAIRC F/250ML;9640;6617;0;4;
8484440;TIVASONE-S PDE T/30G;2480;1642;0;0;
8684305;AVENE CLEANANCE GEL NETT T/200ML;10215;6845;0;4;
8485758;ZENTEL 400MG CPR B/1 SD OTC;1875;1240;0;0;
8485764;ZENTEL SUSP BUV F/10ML OTC;2065;1368;0;0;
8485770;BENDEX 200MG/5ML SUSP BUV F/10ML TLG;880;584;0;0;
8685670;EXTASIC GEL LUBRIFIANT CHOCOLAT/100ML;4270;2932;0;4;
8685687;EXTASIC GEL LUBRIFIANT MENTHE/100ML;4270;2932;0;4;
8685799;EXTASIC GEL LUBRIF CHOCOLAT SACH/5ML B/3;1455;998;0;4;
8685807;EXTASIC GEL LUBRIF MENTHE SACH/5ML B/3;1455;998;0;4;
8485899;AMLOPRES 5MG CPR B/100 TLG;13635;9030;0;0;
8485907;AMLOPRES 10MG CPR B/100 TLG;8265;5473;0;0;
8488343;POLYMIC 200MG/500MG CPR B/10;4960;3284;0;0;
8487295;ALLOPURINOL GH 100MG CPR B/30;1380;912;0;0;
8690754;ALCOOL+ 70 COPACI SPRAY/125ML;820;549;0;4;
8492942;PARAFIZZ 500MG CPR EFFV B/16;1310;867;0;0;
8703480;MYCOTRIX CR ANTISEPTIQUE T/50G;3000;2150;0;4;
8716643;DELIA CR DEPILAT TRES VITE 3MN F/100ML;3945;2707;0;4;
8716666;DELIA CR DEPILAT PEAU SENS Q10 F/100ML;3945;2707;0;4;
8716689;DELIA CR VIT C+ ILLUM VISAGE JR F/50ML;9050;6214;0;4;
8716695;DELIA CR VIT C+ SOUS YEUX ROLL-ON/15ML;6945;4766;0;4;
8716732;DELIA GOLD COLLAGENE CR GEL JR/NT F/50ML;9270;6363;0;4;
8716755;DELIA HYALURONIQ CR YEUX ROLL-ON F/15ML;6945;4766;0;4;
8716761;DELIA HYALURONIQ CR 50+ JR/NUIT F/50ML;8090;5552;0;4;
8732895;ABLEPT 300MG GEL B/30;8295;5491;0;0;
8752550;DELIA GOOD HAND CREAM GENERA MAIN T/75ML;3410;2339;0;4;
8752567;DELIA PROTEC SOLAR CREAM 50 SPF T/100ML;10905;7486;0;4;
8752627;DELIA STOP BROKEN NAIL KERATIN BUILD B/1;4090;2807;0;4;
8396411;TEEN DERM GEL NETT EXFOLIANT T/150ML;7045;4722;0;4;
8315200;BLEDINE LACTEE CROISSANCE/250G;1975;1650;0;1;
8564050;NURSIE EXPERTISE+ 1 LAIT POUDRE B/400G;5125;4278;0;1;
8564067;NURSIE EXPERTISE+ 2 LAIT POUDRE B/400G;5125;4278;0;1;
8560632;NURSIE 1 LAIT POUDRE B/400G;4160;3475;0;1;
8338075;PHOSPHATINE MULTICEREALES B/200G;1230;1026;0;1;
8338224;PHOSPHATINE MIEL B/200G;1230;1026;0;1;
8338230;PHOSPHATINE LACTEE BISCUITE B/200G;1280;1070;0;1;
8338253;PHOSPHATINE LACTEE RIZ MAIS B/200G;1280;1070;0;1;
8338081;PHOSPHATINE LACTEE FRUIT B/200G;1355;1129;0;1;
8338247;PHOSPHATINE LACTEE BLE B/200G;1280;1070;0;1;
8315223;BLEDINE LACTEE BANANE B/250G;2005;1673;0;1;
8317794;SENSODYNE BROSS DENT PRECISION SPL/1;1910;1312;0;4;
8257750;SENSODYNE FIL DENTAIRE 50M;1970;1350;0;4;
8529556;SENSODYNE RAPIDE ACTION DENTIF T/75ML;4525;3104;0;4;
8348926;SENSODYNE REPARE & PROTEGE DENTIF T/75ML;4600;3156;0;4;
8350432;SENSODYNE MULTIPROTEC DENT PATE T/75ML;4275;2935;0;4;
8381415;INTIMY GEL LUBRIF INTIME T/70ML;2650;1820;0;4;
8656102;NEUTRADERM RELIPID+ BAUME F/400ML;14545;9985;0;4;
8661801;NEUTRADERM SAV SURG DERM PROTECT/200G;3375;2316;0;4;
8572291;KLORANE BEBE EAU NETT MICELLAIRE F/500ML;12945;8676;0;4;
8572196;KLORANE BEBE SAV SURGRAS DOUXPAIN/250G;5560;3815;0;4;
8572316;KLORANE BEBE LAIT DE TOILETTEF/500ML;10145;6965;0;4;
8572322;KLORANE BEBE EAU FRAICHE PARFSPR/500ML;11745;8064;0;4;
8572279;KLORANE BEBE LAIT HYDRATANT F/750ML;12875;8630;0;4;
6044005;KLORANE BEBE LAIT HYDRATANT F/500ML;10700;7171;0;4;
8572285;KLORANE BEBE LINGETTE NETT DOUCE B/70;6675;4583;0;4;
3,40E+12;AVENE XERACALM AD BME RELIPIDT/200ML;17360;11637;0;4;
8619064;DUCRAY ICTYANE CR MAIN T/50ML;5845;3917;0;4;
8661528;DUCRAY DEXYANE BAUME EMOLL F/400ML;18275;12250;0;4;
8661534;DUCRAY DEXYANE CR EMOLL F/400ML;17050;11427;0;4;
8619087;DUCRAY ICTYANE LAIT HYDR CORPS F/400ML;14980;10284;0;4;
8679787;DUCRAY ICTYANE ECLAT LAIT CORPS F/400ML;19155;13150;0;4;
8679103;DUCRAY KERACNYL MATIF HYDR JOUR CR/30ML;10380;6959;0;4;
8667258;AVENE HYDRANCE UV EMULS HYDR CR T/40ML;15210;10194;0;4;
8621138;DUCRAY ICTYANE SAV DERM SURGRPAIN/100G;5280;3539;0;4;
8750485;KLORANE BEBE BIO CREME DE CHANGE T/100ML;7315;4901;0;4;
3,28E+12;AVENE SOLAIRE SPF50+ FLUIDE T/50ML;13810;9255;0;4;
8326244;DUCRAY KERACNYL PP+ CR SOIN IMPERF /30ML;10195;6834;0;4;
8380083;AVENE XERACALM AD DEFI CR RELIPID/200ML;17045;11427;0;4;
8323352;BIOLANE GEL CORPS+CHVX 2EN1 F/750ML;7100;4750;0;4;
8323435;BIOLANE SAV DOUX SURGRAS/150G;3755;2606;0;4;
8323406;BIOLANE LING EPAIS H2O ECORECHARG/72;2895;2010;0;4;
8616002;ACTIVILONG COMPLEXE RACINE SOL AMP10ML/4;6775;4649;0;4;
7362628;STERIMAR MN AEROS 50ML;3690;2444;0;0;
2001759;STERIMAR NEZ BOUCHE NN/ENF SOL NAS/50ML;4325;2864;0;0;
8516393;VICHY PURETE THER DEMAQ 3EN1 LAIT/200ML;12835;8082;0;4;
8503491;ROCHE P EFFACL GEL MOUSS+M PURIF F/400ML;14110;8885;0;4;
8509915;ROCHE P.LIPIKAR SYNDET AP+ CRNETT/200ML;12595;7933;0;4;
8520963;ROCHE P. LIPIKAR AP LAIT CORPS F/400ML;21460;13513;0;4;
8623321;ROCHE P.LIPIKAR AP+ M BME CORPS T/400ML;18050;11950;0;4;
8597411;ROCHE P. PURE NIACINAMID B9 SERUM F/30ML;34870;21959;0;4;
8597629;ROCHE P. ANTH UVMUNE400 SPF50+ CR T/50ML;12155;8581;0;4;
2192297;XARELTO 20MG CPR PELL B/14;19285;12770;0;0;A
2203150;ATEPADENE 30MG GEL T/30;5250;3475;0;0;
2238556;HELICIDINE 10% SS EDULCORE SPF/125ML;2080;1377;0;0;
2238562;HELICIDINE 10% SS SP F/250ML;3570;2362;0;0;
2243942;DRILL RHUME 500MG/4MG CPR PELL B/16;2340;1551;0;0;
2863774;FERLIX B12 SUSP BUV F/200ML;1930;1276;0;0;
8065631;PEDIAVIT SP F/100ML;1790;1185;0;0;
8065708;TRIALGIC GEL B/24;1860;1231;0;0;C
2673826;MONOPROST 50MCG/ML COLL UNIDOSE 0,2ML/30;11820;7826;0;0;A
2769319;DUPHALAC 10G/15ML SOL BUV SACH-DOSE/20;2920;1934;0;0;
2791595;UVESTEROL ADEC SOL BUV F/10ML;1900;1259;0;0;
3013285;COLLYRE BLEU LAITER FL 10ML;1955;1295;0;0;C
3019508;CELESTENE 0,05% SOL BUV GTTE F/30ML;3210;2125;0;0;A
3029955;DESOMEDINE COLLYRE F/10ML;1885;1250;0;0;
3034844;EDUCTYL AD SUPPO EFFV B/12;2135;1414;0;0;
3071006;NEOCODION ADULTE SIROP FL180ML;2220;1469;0;0;
3105337;THERALENE 0,05% SIROP F/150ML;910;602;0;0;C
3131412;PROGESTOGEL GEL EXT T/80G;3085;2043;0;0;
3153342;POLYDEXA SOL AURIC FL 10,5ML;1955;1295;0;0;A
3166988;CYSTINE B6 BAILLEUL CPR PELL B/20;2450;1624;0;0;
3219302;DUPHASTON 10MG CPR PELL B/20;6280;4159;0;0;A
3223870;ERY 500MG CPR BT 10;3335;2207;0;0;A
3223887;ERY 500MG CPR B/20;5125;3393;0;0;A
3232751;UTROGESTAN 100MG CAPS ORALE/VAG B/30;6405;4241;0;0;A
2298363;AMODEX 500MG GELULE BT 12;1200;792;0;0;A
3273129;CARBOSYLANE 24DOSE DE 2 GELULE;3045;2016;0;0;
3277972;HEXASPRAY COLLU FL PRESSUR 30G;3115;2061;0;0;
3284771;ISOFRA GTTES NASAL FL 15ML;1695;1122;0;0;
3286600;DAFLON 500MG CPR B/30;4920;3256;0;0;
3295941;ADVILMED 400MG CPR B/20;2245;1487;0;0;C
3303847;CYCLO 3 FORT GEL B/30;4105;2718;0;0;
3322218;UVEDOSE 100000UI SOL BUV AMP/2ML B/1;1350;894;0;0;
3335497;KETUM 2,5% GEL T/60G;2450;1624;0;0;C
3335988;HUMEXLIB PARACET CHLORPH 500/4MG GEL/16;1860;1231;0;0;
3338308;LOMEXIN 2% CREME TB 15G;3280;2171;0;0;A
3353153;ASPIRINE UPSA 1G CPR EFFV B/20;2880;1906;0;0;
3378331;TERLOMEXIN 200MG CAPS VAG B/3;4135;2736;0;0;A
3385242;COZAAR 50MG CPR SEC B/28;5510;3648;0;0;A
3419538;INDOCOLLYRE 0,1% ETO F/5ML B/1;3360;2226;0;0;A
3442804;OROCAL VIT D3 500MG/400UI CPRB/60;6625;4387;0;0;
3473986;LEVOPHTA 0,05% COLLYRE FL 5ML;5165;3420;0;0;A
3478357;LEVOTHYROX 50MCG CPR SEC B/30;1005;665;0;0;C
3483996;UTROGESTAN 200MG CAPS ORAL/VAGINAL B/15;6610;4378;0;0;A
3515495;LAMALINE GELULE BTE 16;1830;1213;0;0;
3545504;MAALOX SUSP BUV SACH 4,3ML B20;3265;2162;0;0;
3578952;CARTEOL 2% LP COLL F/3ML;7370;4880;0;0;A
3595784;TOPLEXIL 0,33MG/ML SP F/150ML;2710;1797;0;0;
3627395;FLUOCARIL BI 250 MENTH PATE T/75ML/2;6415;4300;0;4;
3640148;AURICULARUM SUSP AURIC PDRE +SOLV/10ML;5165;3420;0;0;A
3641372;NORLEVO 1,5MG CPR B/1;4120;2727;0;0;A
3648546;EFFERALGAN 1G CPR PELL B/8;1390;921;0;0;
3665958;COVERSYL 5MG CPR PELL SEC B/30;8885;5883;0;0;A
3706829;GELTIM LP 1MG/G GEL OPHT UNIDB/30;8665;5737;0;0;
3748331;EUPHON SP F/300ML;3745;2481;0;0;
3751126;SPASMOCALM 80MG CPR ORODISP B/20;2865;1897;0;0;
3762584;SEDORRHOIDE CRISE HEMORROIDAIRE CR T/30G;2615;1733;0;0;
3762609;SEDORRHOIDE CRISE HEMORROIDE SUPPO B/8;2615;1733;0;0;
3804578;CEFIXIME BIOG 200MG CPR PELL B/8;4050;2682;0;0;
9999842;LIDENE 15MG CPR PELL SEC B/10;2605;1724;0;0;
4924652;HUMEX0,33MG/ML TX SECHE OXOMEMA SP/150ML;2685;1779;0;0;
4989835;FERVEX FRAMBOISE AD GR SOL BUV SACH B/8;2590;1715;0;0;
6604839;BANDE VELPEAUCREPE COTON 4MX10 B/1;1350;1096;0;0;
7893455;SERUM PHYSIO BABYSOIN DOSE 5ML B/20;2210;1481;0;4;
8172433;THERMOMETRE ELECTRO ECO COOPER B/1;2730;1831;0;4;
9573944;TEST GROSSESSE INSTANT VIEW HCG B/1;1820;1467;0;0;
2028327;VITISKIN DEFICIT PIGMENT HYDROGEL F/50ML;22500;15083;0;4;
2085130;NUHANCIAM EAU MICELLAIRE DEMAQ F/200ML;14960;10270;0;4;
4124934;EXFOLIAC GLOBAL 6 CR SOIN INTENS T/30ML;13500;9267;0;4;
5178317;CANDES SAV EXFO CLARIFIANT PAIN 150G;6375;4274;0;4;
5178323;CANDES SAV SURGRAS CLARIFIANTPAIN 150G;6375;4274;0;4;
6003505;DUCRAY KERACNYL SERUM ANTI IMPERF F/30ML;13210;8856;0;4;
6006428;DUCRAY ANAPHASE+ SH ANTI CHUTE T/200ML;9000;6032;0;4;
6008147;XEROLYS 30 EMULS PEAU RUGUEUSE F/100ML;9590;6581;0;4;
6008404;NUHANCIAM SER ABSOLU ANTI-TACHES F/30ML;39795;27319;0;4;
6011489;ETIAXIL ANTITRANSP 48H DEO AERO/150ML;5100;3419;0;4;
6014750;SEBIUM GLOBAL INTENS PURIF FLD ACNE/30ML;8665;5806;0;4;
6019111;TEEN DERM AQUA SOL MICELL PURIF F/250ML;6550;4391;0;4;
6021357;NUHANCIAM EMULS ANTI-IMPERFECTIONS/30ML;25255;17338;0;4;
6274483;ETIAXIL AISSELLES DEO PN 15ML;8765;5876;0;4;
7397302;SAFORELLE SOIN SOL LAV DOUX F/100ML;2515;1685;0;4;
8171787;TEEN DERM HYDRA CR APAIS T/40ML;6585;4519;0;4;
9812797;NUHANCIAM CR ECLAT UNIFIANTE T/50ML;29800;20455;0;4;
9952162;URELIA 10 CR EMOLLIENTE CORPST/150ML;9145;6129;0;4;
9952179;URELIA 50 BME HYDR CORPS T/40ML;5920;3967;0;4;
2854663;DUCRAY DEXYANE GEL NETT SURGRF/400ML;13190;8841;0;4;
2856018;MAGUP 24H LP NERVOSITE/FATIGUE CPR B/15;2650;1818;0;4;
4555344;ALVITYL VITALITE CPR B/40;4835;3240;0;4;
6002575;ATIVIT SOL BUV F/200ML;3445;2280;0;0;
6093698;ATODERM INTENSIVE GEL MOUSSANT F/200ML;8235;5184;0;4;
8360459;CANDES LAIT FERMETE HYDR CORPS F/400ML;11570;7754;0;4;
8277623;DUCRAY ANAPHASE+ AP SH FORTIFT/200ML;9975;6687;0;4;
8309553;ALVITYL VITALITE TONUS ORANG CPR EFFV/20;5290;3544;0;4;
8360413;CANDES CR CLARIF UNIF POT/50ML;10475;7021;0;4;
8360407;CANDES LAIT CORPS CLARIF SUBLIME F/400ML;13670;9383;0;4;
7797088;ROCHE P.LIPIKAR PAIN SURGRAS /150G;6310;3972;0;4;
8339229;HT26 BB LAIT TOILETTE F/1L;11425;8140;0;4;
8325658;HT26 SAVON PURIFIANT 150G;7920;5643;0;4;
8339175;HT26 SAVON 90 BTE METAL 200G;10915;7775;0;4;
8604683;HT26 TOPSYGEL EMULS DCHE ECLAIRC F/1L;14860;10586;0;4;
8512969;HT26 TOPSYGEL LAIT HYD CORPS F/500ML;13950;9938;0;4;
8512975;HT26 TOPSYGEL LAIT CLARIF CORPS F/500ML;22875;15559;0;4;
3,00E+12;HT26 LAIT MULT ECLAIR HARMONITEINT500ML;24575;17507;0;4;
8325598;HT26 LAIT ACTION TACHE HLE CAROTTE 500ML;39820;28368;0;4;
8617728;HT26 EPONGE PURIFIANTE B/1;4125;2937;0;4;
8617697;HT26 HUILE DE CAROTTE F/125ML;12870;9168;0;4;
8339235;HT26 BB SAV PAIN 200G;4990;3554;0;4;
8512998;HT26 TOPSYGEL SAV CLARIF ALOEPAIN/150G;8700;6199;0;4;
8720053;HT26 TOPSYGEL GLYCERIN GEL ECLAIRC/180ML;15955;11365;0;4;
8604714;HT26 TOPSYGEL HLE ECLAIRC F/180ML;22975;16366;0;4;
8394731;HT26 GEL DCHE GOMM ECLAIRC PREPA BTLE/1L;18635;13276;0;4;
8530246;HT26 H LAIT CORPS F/500ML;20955;14253;0;4;
8568898;HT26 CAVIAR LAIT CORPS MULTI ECLAIR500ML;62380;44440;0;4;
8502876;LAINO EAU FLORALE HAMAMELIS F/250ML;4620;3172;0;4;
6028210;LAINO LAIT NUTRITIF CONFORT KARITE/400ML;13290;8370;0;4;
6087548;LAINO LAIT NUTRITIF DOUC ROSEBIO/400ML;13365;8418;0;4;
8637990;MARIMER ISOTONIQUE SPR NAS F/100ML;4135;2736;0;0;
8638009;MARIMER HYPERTONIQUE SPR NAS F/100ML;4135;2736;0;0;
8638015;MARIMER BABY SOL NAS ISOTONIQSPR/100ML;4135;2736;0;0;
8638021;MARIMER BABY SOL NAS HYPERTONIQ SPR100ML;4135;2736;0;0;
8516619;EFIRUB PDRE SOL BUV SACH B/8;5980;4106;0;4;
8344584;PRESERV MANIX SUPER RESERV LUBRIF CART/4;1055;887;0;0;
8676518;PRESERV MANIX CONTACT PLUS B/3;1030;869;0;0;
8676636;PRESERV MANIX CONTACT PLUS B/6;2500;2107;0;0;
8586554;SUPERWHITE KIDS BAD MES 1ERESDENTS B/1;1965;1388;0;4;
8599841;SUPERWHITE PROGENCIVES BROSS DENT MED/2;1865;1315;0;4;
8586560;SUPERWHITE BRUSH 4 BROSS DENTMEDIUM B/4;2900;2048;0;4;
3,40E+12;TARDYFERON 20MG/ML ENF/AD SOLBUV F/90ML;5370;3556;0;0;
3,40E+12;TARDYFERON 20MG/ML NN SOL BUVF/45ML;3030;2007;0;0;
8218833;GEL INTIME LUBRIFIANT VENDOMET/50ML;2780;1963;0;4;
8692492;NEUTROG F NORV LAIT COR HYDR INT FP250ML;6720;4743;0;4;
8513259;PETIT MARS SAV SOIN SURG KAR PAIN/100G/2;2215;1564;0;4;
8692546;NEUTROG CR MAIN HYDRAT CONCENTR T/50ML;2630;1854;0;4;
3,57E+12;PETIT MARS SOIN NOUR AMANDE PAIN/100G/2;2235;1577;0;4;
8353376;BROSS DENT ELGYDIUM BLCHEUR SPLE/1;4360;2922;0;4;
8352595;BROSS DENT ELGYDIUM DIFFUSIONMED /1;4545;3046;0;4;
8450642;PERIDYS 200MG SUSP BUV F/200ML;2275;1505;0;0;
8648309;ELGYDIUM DENTIF MULTI-ACTIONST/75ML;5255;3608;0;4;
4839366;ELGYDIUM JUNIOR 7-12ANS BUBBLE DENT/50ML;3360;2252;0;4;
8564274;ELGYDIUM DENTIFRICE ANTIPLAQUE T/100ML;4510;3024;0;4;
3,58E+12;ELGYDIUM DENTIFRICE ANTIPLAQUE T/75ML;4050;2714;0;4;
7914039;ELGYDIUM GEL DENT SENS T/75ML;4090;2741;0;4;
8352626;BROSS DENT ELGYDIUM INTER-ACTIVE MED /1;4090;2743;0;4;
8352218;BROSS DENT ELGYDIUM STANDARD MED /1;2915;1954;0;4;
8352224;BROSS DENT ELGYDIUM STANDARD SPLE /1;2910;1949;0;4;
8027837;ORELOX 200MG CPR PELL B/10;10330;6841;0;0;A
8096086;DOLIPRANE 1G CPR B/8;1115;739;0;0;
8073352;TRITAZIDE 10MG/12,5MG CPR B/28;9395;6221;0;0;A
8076215;ACUPAN 20MG SOL INJ AMP/2ML B/5 AFR;3635;2408;0;0;
3,58E+12;OTIPAX SOL AURIC CPTE GTTE F/15ML AFR;2120;1405;0;0;
2010273;ULTRALEVURE 250 SACH B/10;4050;2682;0;0;
6486995;ROGE CAV SAVON SURGRAS PAIN/250G;4510;3094;0;4;
7294660;ROGE CAV SAVON SURGR NATUREL PAIN/250G/2;7635;5241;0;4;
7694158;ROGE CAV SAVON SURGR FLEUR COTON 250G/2;7000;4883;0;4;
7694170;ROGE CAV SAVON SURGRAS LAIT MIEL 250G/2;7700;5284;0;4;
7694164;ROGE CAV SAVON SURGR AMANDE VERTE 250G/2;7830;5373;0;4;
4682166;ROGE CAV SAVON SURGRAS LAIT ROSE 250G/2;7710;5292;0;4;
8621902;ROGE CAV GEL BAIN DCHE LAIT MIEL/1L;16365;11233;0;4;
8621894;ROGE CAV GEL BAIN DCHE FLEUR COTON/1L;16255;11160;0;4;
8625159;ROGE CAV GEL SURGRAS BAIN DCHE AMAND/1L;16395;11256;0;4;
8621842;ROGE CAV NUTRISSANC LAIT CORPS HYDR400ML;13720;9417;0;4;
8624869;ROGE CAV NUTRISSANCE CR HYD UL CONF350ML;13220;9075;0;4;
8625277;ROGE CAV DERMO UHT GEL LAVANTF/500ML;9895;6794;0;4;
8625343;ROGE CAV DERMO UHT SAVON PAIN/100G;3555;2440;0;4;
8625366;ROGE CAV DERMO UHT HLE LAV SSPARF/500ML;9950;6830;0;4;
8649740;ROGE CAV GEL TOILET INT EXTRADX F/250ML;6910;4744;0;4;
8740914;LAINO EAU FLORALE ROSE F/250ML;4640;3186;0;4;
4454436;URIAGE BB 1ERE CR LAVANTE F/500ML;9290;6559;0;4;
8680052;URIAGE BB 1ERE EAU NETTOYANTEF/1L;14365;10138;0;4;
9646241;URIAGE BB 1ERE CR LAVANTE F/1L;14300;10094;0;4;
8356191;URIAGE HYSEAC MAT GEL CR MATIFIAN T/40ML;7710;5443;0;4;
8501173;URIAGE HYSEAC SPF50+ PM/PG FLUIDE T/50ML;9060;6218;0;4;
8386938;URIAGE EAU MICELL THERM PM/PGF/250ML;7680;5422;0;4;
8592129;URIAGE EAU THERM CR LAV/500ML;9350;6601;0;4;
8701653;URIAGE CR LAVANTE SS SAV F/1L;15380;10557;0;4;
8501144;URIAGE HYSEAC3-REGUL SOIN GLOBAL CR/40ML;8010;5655;0;4;
8503539;URIAGE EAU THERM LAIT VELOUT CORP F500ML;12330;8702;0;4;
8622215;URIAGE EAU THERMALE CR EAU MAIN T/50ML;3700;2612;0;4;
6021787;URIAGE BB 1ER LAIT HYDRATANT F/500ML;11110;7842;0;4;
8680046;URIAGE BB 1ERE HUILE LAVANTE F/500ML;11690;8023;0;4;
8701676;URIAGE XEMOSE SYNDET GEL NETTDX500ML;11420;7838;0;4;
8687143;URIAGE CR LAVANTE SOLIDE SAV/125G;3575;2523;0;4;
8663303;NUHANCIAM CR CONTOUR YEUX/15ML;22945;15752;0;4;
8651174;SPARADRAP EXTENSIBLE UBIFIX 10CMX2M B/1;1130;918;0;0;
8447373;REVITALOSE SS SOL BUV AMP/5MLB/20;5195;3439;0;0;
8537811;TOPICREM BB GEL NETT 2 EN1 F/500ML;8155;5758;0;4;
5101935;TOPICREM ULTRA HYDR LAIT CORPS F/500ML;11435;8071;0;4;
3,70E+12;TOPICREM ULTRA HYDR LAIT CORPS F500ML /2;18950;13376;0;4;
5117681;TOPICREM EAU MICELLAIRE VIS/YEUX F/200ML;6230;4277;0;4;
8350662;TOPICREM DA BAUME EMOLLIENT T/200ML;10000;6863;0;4;
8353985;TOPICREM DA BME EMOLL F/500ML;14550;9989;0;4;
8358698;TOPICREM AC HYDR COMPENS CR T/40ML;8510;6008;0;4;
8374869;TOPICREM DA ATOPIQ GEL NETT SURGRA/500ML;10180;7185;0;4;
8516358;TOPICREM DA HLE EMOLL F/145ML;11410;8055;0;4;
8516364;TOPICREM CICA CR APAIS T/100ML;8460;5972;0;4;
8528580;TOPICREM MON 1ER LAIT ULT HYDR F/200ML;6930;4892;0;4;
8528597;TOPICREM MON 1ER LAIT ULT HYDR F/500ML;12100;8541;0;4;
8558210;TOPICREM AC SOIN MATIFIANT CRT/40ML;9310;6392;0;4;
8630226;TOPICREM SAV SURGRAS DOUCEUR PAIN/150G;4635;3180;0;4;
8630232;TOPICREM MELA PAIN EXFOL UNIFIANT/150G;5930;4072;0;4;
8611312;TOPICREM MELA LAIT UNIF ULT HYDR500MLF/1;28990;19899;0;4;
8733328;TOPICREM MELA CR NUIT PEELIN DOUX T/40ML;15860;11195;0;4;
8741061;TOPICREM ULTRA HYDR HUILE DOUCHE F/500ML;7710;5293;0;4;
8082434;CREAZITHRO AZITHROMYCINE 500MG CPR B/3;1790;1186;0;0;
8424679;CREACLAV AMOX/CLAV 1G/125MG PDRE SACH/12;5510;3648;0;0;A
8371925;UNIMER ISOTONIQUE PED SOL NASSPR F100ML;4880;3271;0;4;
8713550;ATODERM CR ULTRA-NOURRISSANTEF/500ML;13070;8232;0;4;
8032123;TERPONE ENF SP F/180ML;1930;1277;0;0;
6400261;ANY SAVON PAIN 100G;5320;3650;0;4;
2026133;CHATEAU ROUGE LAIT BEAUTE ECLAIR F/750ML;27265;18716;0;4;
8637694;CHATEAU ROUGE SPF50+ FLUID SOLAIRE/50ML;11520;7907;0;4;
8561301;CHATEAU ROUGE BB LAIT HYDRATANT F/500ML;13660;8601;0;4;
8561293;CHATEAU ROUGE BB SAV SURGRAS PAIN/150G;3670;2589;0;4;
8381846;PRESERV DOMINO MENTHE B/12;1480;1247;0;0;
8365586;SEBIONEX GEL MOUSS PURIF F/200ML;9370;6280;0;4;
8365563;SEBIONEX.K KERATOREGUL CR T/40ML;9775;6552;0;4;
8365540;SEBIONEX TRIO ANTI IMPERF CR T/40ML;9775;6552;0;4;
8388216;DEPIWHITE LAIT ECLAIRC F/500ML;13500;9200;0;4;
8397563;SEBIONEX LOT MICELL F/250ML;7000;4692;0;4;
8518601;SENSITELIAL SOIN EMOLL F/500ML;13470;9030;0;4;
8526753;SEBIONEX HYDRA CR REPAR T/40ML;10795;7235;0;4;
8527043;SENSITELIAL GEL NETT SURGRAS F/500ML;12420;8324;0;4;
8534238;DEPIWHITE S SPF50 GEL PROTEC T/40ML;18085;10149;0;4;
7924517;XEROLYS 10 EMULS HYDR RELIPIDCORPS500ML;18005;12358;0;4;
8351621;VEGEBOM BME SECOURS T/45G;2640;1768;0;4;
8351615;VEGEBOM BME SECOURS T/100G;4695;3146;0;4;
8351644;VEGEBOM SAVON PURIFIANT PAIN 100G;2195;1472;0;4;
8379849;VEGEBOM CR ADOUCISSANTE T/40G;2830;1896;0;4;
8379269;VEGEBOM LAIT ADOUCISSANT F/250ML;5140;3445;0;4;
8374059;VEGEBOM GEL SECOURS T/45ML;2680;1795;0;4;
8374042;VEGEBOM BME NN T/45G;3850;2581;0;4;
8060674;COMBITRINE SP 80/480MG CPR B/6;2340;1551;0;0;A
8068374;ROIPAR 1000MG CPR EFFV B/16;2205;1459;0;0;
8060579;ALBENDAZOLE SP 400MG CPR B/1;1005;666;0;0;C
8417716;XERIN 5MG/10MG CPR PELL B/10;3155;2089;0;0;A
8503077;FERBOVIT SP F/225ML;3155;2089;0;0;
8417679;JOYCLAV 875MG/125MG CPR B/12;5925;3922;0;0;A
8424107;FEMIFER SP F/200ML;3500;2317;0;0;
8424024;PALUMIL 80MG/480MG AD CPR B/6;2645;1751;0;0;A
8431219;FEVAROL 125MG/1MG/2,5MG SP F/100ML;1515;1003;0;0;A
8424001;AKEROL 5MG CPR B/20;4475;2964;0;0;C
8424113;NEUROGIL 75MG GEL B/20;8955;5929;0;0;A
8424076;PILL-72 CPR B/1;2480;1642;0;0;A
3,00E+12;HUCOG HP 5000UI SC/IM PDRE SOL INJ F/1;8195;5427;0;0;A
8434175;BEKRAZOLE 400MG CPR PELL B/1;1005;666;0;0;A
8438374;SEKALGIC 400MG/500MG/30MG CPRB/12;1310;867;0;0;
8476570;AARCOLD 325MG/5MG/5MG/2MG CPRB/100;6890;4562;0;0;
8476593;AARTMIN G 80MG/500MG CPR B/30;6200;4105;0;0;
8476630;AARLOFLOX OZ 200MG/500MG CPR B/10;2755;1824;0;0;
3,00E+12;JEVITON CAPS MOLLE B/30;2190;1466;0;4;
8482872;LUMETAR FORTE 80MG/480MG CPR B/6;2480;1642;0;0;
8476541;MICFOX 100MG CPR DISP B/10;1600;1058;0;0;
8476564;MICFOX 100MG/5ML PDRE SUSP BUV F/60ML;2065;1368;0;0;
8476558;MICFOX 200MG CPR PELL B/10;3635;2408;0;0;
8476529;ALDEZOLE 400MG CPR B/1;385;255;0;0;
8476535;DECOMB FORTE 100MG/500MG CPR B/10;1900;1259;0;0;
2009873;TRES ORIX FORTE SIROP F/100ML;2385;1578;0;0;
2009488;TRES ORIX FORTE SIROP FL 250ML;4490;2974;0;0;
2009465;SKILAX 7,5MG/ML SOL BUV GTTE F/15ML;1860;1231;0;0;A
8604387;NIVEA CR ANTI-RIDES Q10 LIGHTT/50ML;9300;6384;0;4;
8381970;NIVEA FAIRNESS LAIT ECLAIRC F/250ML;2655;1821;0;4;
8604401;NIVEA CR ANTI-RIDES Q10 JOUR T/50ML;9300;6384;0;4;
8604341;NIVEA LIPBALM FRAISE STICK T/4,8G;2610;1793;0;4;
8604335;NIVEA LIPBALM HYDRO CARE STICK T/4,8G;2610;1793;0;4;
8068078;PROGYNOVA 2MG CPR B/20 ANF;4850;3211;0;0;C
8540173;ACCU CHEK SOFTCLIX LANCETTE B/25;1785;1439;0;0;
8002903;ARTELAC COLL F/10ML;3540;2344;0;0;A
8454290;MULTIVITAMINE MULTI-G CPR EFFV T/20;2830;1943;0;4;
8481849;GLUCOPHAGE 500MG CPR PELL B/30;1210;802;0;0;
8480206;GLUCOPHAGE 1000MG CPR B/30;3470;2299;0;0;
8479427;INEXIUM 40MG CPR GASTRO RESIST B/14;7810;5171;0;0;
8003392;HEMAFER 100MG CPR EFFV B/12;4545;3010;0;0;
8505691;BLEDILAIT 3 CROISSANCE ANF B/400G;3690;3079;0;1;
8080731;DOLAMINE CPR B/20;2340;1551;0;0;
8080932;VITAMINE C GALENICA 1G CPR EFFV B/20;2340;1551;0;0;
8081475;BIOTIC PLUS 1G/125MG SACH B/14;5510;3648;0;0;A
8077841;CETAMYL 1G CPR B/10;1170;775;0;0;
8424521;CABERLEX 0,5MG CPR SEC F/2;6475;4287;0;0;A
8039220;COARTEM 20/120MG CPR DISP B/6I08;1185;784;0;0;A
8039243;COARTEM 20/120MG CPR DISP B/12 I08;2065;1368;0;0;A
8039361;COARTEM 80/480MG CPR B/6;2795;1851;0;0;A
6038333;FLUOCARIL JUNIOR 6/12A DENT FR RGE/75ML;3035;2034;0;4;
8,41E+12;BROSS DENT PIERROT JUNIOR/1;1065;759;0;4;
8394116;BROSS DENT PIERROT BABY 6/24MOIS/1;960;683;0;4;
8393996;BROSS DENT PIERROT NEW ACTIVESPLE/1;1070;761;0;4;
8393973;BROSS DENT PIERROT NEW ACTIVEMED/1;1070;761;0;4;
8557133;PATE DENTIF PIERROT PIWY FRAISE T/75ML;1210;863;0;4;
8394056;BROSS DENT PIERROT GUSY 3/8ANS/2;1385;985;0;4;
8394085;BROSS DENT PIERROT PIWY FRT 2/6ANS/1;740;527;0;4;
8555660;BROSS DENT PIERROT ACTION TIP2EN1 MED/2;1290;917;0;4;
8555677;BROSS DENT PIERROT ACTION TIP2EN1 DUR/2;1290;917;0;4;
8690731;FLUOCARIL KIDS DENTIF FRAISE 3/6ANS/50ML;2260;1515;0;4;
8686072;FLUOCARIL BI-FLUORE BAIN BCHEF/300ML;5670;3799;0;4;
8096465;L-MESITRAN SOFT GEL T/50G;7095;4697;0;0;
8096459;L-MESITRAN SOFT GEL T/15G;2480;1642;0;0;
8517702;VIVAGEST CAPS MOLLE B/30;7920;5435;0;4;
8680135;KOPIVITAMIN CAFE PDR SACH/20GB/8;12000;8234;0;4;
9000541;OPTOVISC 0,3% COLL F/10ML;1170;775;0;0;
